App_Names,Permissions,API_Name,Website_Name,IP,Location,Label
XSSDetector,"INTERNET,READ_CONTACTS,ACCESS_FINE_LOCATION,ACCESS_COARSE_LOCATION,READ_PHONE_STATE,SEND_SMS",getDeviceId,http://www.5riversmarketing.com/,104.243.40.3,USA - Florida,Yes
Attackers 2,"INTERNET,READ_CONTACTS,ACCESS_FINE_LOCATION,ACCESS_COARSE_LOCATION,READ_PHONE_STATE,SEND_SMS",getSimSerialNumber,http://www.5riversmarketing.com/,104.243.40.3,USA - Florida,Yes
Attackers 3,"INTERNET,ACCESS_FINE_LOCATION,ACCESS_COARSE_LOCATION",Not Sensitive,http://www.5riversmarketing.com/,104.243.40.3,USA - Florida,No
Attackers 4,"INTERNET,READ_PHONE_STATE,SEND_SMS",Not Sensitive,http://demo2.5riversmarketing.com/,104.243.40.3,USA - Florida,No
Attackers 5,"INTERNET,READ_CONTACTS,READ_PHONE_STATE",Not Sensitive,http://www.5riversmarketing.com/,104.243.40.3,USA - Florida,No
Attackers 6,"INTERNET,ACCESS_FINE_LOCATION,ACCESS_COARSE_LOCATION",getCellLocation,http://demo2.5riversmarketing.com/,104.243.40.3,USA - Florida,Yes
Attackers 7,"INTERNET,READ_PHONE_STATE,SEND_SMS",MediaStore,http://demo2.5riversmarketing.com/,104.243.40.3,USA - Florida,Yes
Attackers 8,"INTERNET,READ_CONTACTS,READ_PHONE_STATE",getPhoneType,http://demo2.5riversmarketing.com/,104.243.40.3,USA - Florida,Yes
Attackers 9,"INTERNET,GET_ACCOUNTS,SEND_SMS,READ_PHONE_STATE",Not Sensitive,http://demo2.5riversmarketing.com/,104.243.40.3,USA - Florida,No
Attackers 10,"INTERNET,ACCESS_FINE_LOCATION,ACCESS_COARSE_LOCATION",Not Sensitive,http://www.5riversmarketing.com/,104.243.40.3,USA - Florida,No
Attackers 11,"ACCESS_FINE_LOCATION,SEND_SMS,INTERNET",Not Sensitive,http://www.5riversmarketing.com/,104.243.40.3,USA - Florida,No
Attackers 12,"INTERNET,READ_CONTACTS,SEND_SMS",Not Sensitive,http://demo2.5riversmarketing.com/,104.243.40.3,USA - Florida,No
Attackers 13,"INTERNET,READ_CONTACTS,READ_PHONE_STATE,SEND_SMS",sendTextMessage,http://demo2.5riversmarketing.com/,104.243.40.3,USA - Florida,Yes
Attackers 14,"INTERNET,GET_ACCOUNTS,INTERNET,ACCESS_FINE_LOCATION,ACCESS_COARSE_LOCATION",AccountManager,http://demo2.5riversmarketing.com/,104.243.40.3,USA - Florida,Yes
Simple Life,"ACCESS_LOCATION_EXTRA_COMMANDS,ACCESS_NETWORK_STATE,ACCESS_NOTIFICATION_POLICY,ACCESS_WIFI_STATE",getCellLocation,https://www.akamai.com/,104.114.204.105,United States,Yes
Logik Spielplatz fÅr Kinder,"BLUETOOTH,BLUETOOTH_ADMIN,BROADCAST_STICKY,CHANGE_NETWORK_STATE,CHANGE_WIFI_MULTICAST_STATE,CHANGE_WIFI_STATE",cellLocation,http://www.kddi.com/,106.128.86.173,Japan,Yes
SQUIRREL,"DISABLE_KEYGUARD,EXPAND_STATUS_BAR,GET_PACKAGE_SIZE,INSTALL_SHORTCUT,INTERNET,KILL_BACKGROUND_PROCESSES,MANAGE_OWN_CALLS,MODIFY_AUDIO_SETTINGS,NFC,READ_SYNC_SETTINGS,READ_SYNC_STATS",Not Sensitive,https://www.bloomberg.com/,109.8.27.15,France,No
Hummer Puzzle,"RECEIVE_BOOT_COMPLETED,REORDER_TASKS,REQUEST_COMPANION_RUN_IN_BACKGROUND,REQUEST_COMPANION_USE_DATA_IN_BACKGROUND,REQUEST_DELETE_PACKAGES,REQUEST_IGNORE_BATTERY_OPTIMIZATIONS,REQUEST_INSTALL_PACKAGES,SET_ALARM,SET_WALLPAPER,SET_WALLPAPER_HINTS,TRANSMIT_IR,USE_FINGERPRINT,VIBRATE,WAKE_LOCK",Not Sensitive,http://drexel.edu/,129.25.130.207,United States,No
10 Finger,"WRITE_SYNC_SETTINGS,READ_CALENDAR,WRITE_CALENDAR,READ_CONTACTS,WRITE_CONTACTS,GET_ACCOUNTS,CAMERA,ACCESS_FINE_LOCATION,ACCESS_COARSE_LOCATION,READ_PHONE_STATE,READ_PHONE_NUMBERS,CALL_PHONE,ANSWER_PHONE_CALLS,READ_CALL_LOG,WRITE_CALL_LOG,ADD_VOICEMAIL,USE_SIP",Not Sensitive,https://www.slb.com/,136.253.201.26,United States,No
WÑhlen Sie die Sprache,"PROCESS_OUTGOIN,G_CALLS,ANSWER_PHONE_CALLS,BODY_SENSORS,SEND_SMS,RECEIVE_SMS,READ_SMS,RECEIVE_WAP_PUSH,RECEIVE_MMS",getNetworkOperator,https://peering.oath.com/,172.163.37.10,United States,Yes
Algebra Pro,"ACCESS_LOCATION_EXTRA_COMMANDS,ACCESS_NETWORK_STATE,ACCESS_NOTIFICATION_POLICY,ACCESS_WIFI_STATE",Not Sensitive,http://triptecnologia.com.br/,177.53.101.71,Brazil,No
Roma: gu°a y mapa (GRATIS),"BLUETOOTH,BLUETOOTH_ADMIN,BROADCAST_STICKY,CHANGE_NETWORK_STATE,CHANGE_WIFI_MULTICAST_STATE,CHANGE_WIFI_STATE",getPhoneType,http://www.forthnet.gr,178.128.33.164,Greece,Yes
Lights Off,"DISABLE_KEYGUARD,EXPAND_STATUS_BAR,GET_PACKAGE_SIZE,INSTALL_SHORTCUT,INTERNET,KILL_BACKGROUND_PROCESSES,MANAGE_OWN_CALLS,MODIFY_AUDIO_SETTINGS,NFC,READ_SYNC_SETTINGS,READ_SYNC_STATS",getUserData,https://www.ntt.com/,180.22.83.67,Japan,Yes
Free TeddyBears Versus Puppies,"RECEIVE_BOOT_COMPLETED,REORDER_TASKS,REQUEST_COMPANION_RUN_IN_BACKGROUND,REQUEST_COMPANION_USE_DATA_IN_BACKGROUND,REQUEST_DELETE_PACKAGES,REQUEST_IGNORE_BATTERY_OPTIMIZATIONS,REQUEST_INSTALL_PACKAGES,SET_ALARM,SET_WALLPAPER,SET_WALLPAPER_HINTS,TRANSMIT_IR,USE_FINGERPRINT,VIBRATE,WAKE_LOCK",getSubscriberId,http://www.twcable.com,184.58.112.96,United States,Yes
CHRISTMAS2012,"WRITE_SYNC_SETTINGS,READ_CALENDAR,WRITE_CALENDAR,READ_CONTACTS,WRITE_CONTACTS,GET_ACCOUNTS,CAMERA,ACCESS_FINE_LOCATION,ACCESS_COARSE_LOCATION,READ_PHONE_STATE,READ_PHONE_NUMBERS,CALL_PHONE,ANSWER_PHONE_CALLS,READ_CALL_LOG,WRITE_CALL_LOG,ADD_VOICEMAIL,USE_SIP",peekAuthToken,https://www.telefonica.com/,187.56.89.184,Brazil,Yes
Newburyport Five MobileBanking,"PROCESS_OUTGOIN,G_CALLS,ANSWER_PHONE_CALLS,BODY_SENSORS,SEND_SMS,RECEIVE_SMS,READ_SMS,RECEIVE_WAP_PUSH,RECEIVE_MMS",Not Sensitive,https://bgp.he.net/,189.24.215.98,Brazil,No
FANTASY,"ACCESS_LOCATION_EXTRA_COMMANDS,ACCESS_NETWORK_STATE,ACCESS_NOTIFICATION_POLICY,ACCESS_WIFI_STATE",Not Sensitive,http://www.tim.com.br/,191.167.101.122,Brazil,No
Treasure Blocks Mania,"BLUETOOTH,BLUETOOTH_ADMIN,BROADCAST_STICKY,CHANGE_NETWORK_STATE,CHANGE_WIFI_MULTICAST_STATE,CHANGE_WIFI_STATE",Not Sensitive,https://www.grupotvcable.com/,200.63.224.54,Ecuador,No
Bonga,"DISABLE_KEYGUARD,EXPAND_STATUS_BAR,GET_PACKAGE_SIZE,INSTALL_SHORTCUT,INTERNET,KILL_BACKGROUND_PROCESSES,MANAGE_OWN_CALLS,MODIFY_AUDIO_SETTINGS,NFC,READ_SYNC_SETTINGS,READ_SYNC_STATS",setPassword,http://www.fastweb.it/,213.156.61.1,Italy,Yes
Rocky Mountain NP - FREE Guide,"RECEIVE_BOOT_COMPLETED,REORDER_TASKS,REQUEST_COMPANION_RUN_IN_BACKGROUND,REQUEST_COMPANION_USE_DATA_IN_BACKGROUND,REQUEST_DELETE_PACKAGES,REQUEST_IGNORE_BATTERY_OPTIMIZATIONS,REQUEST_INSTALL_PACKAGES,SET_ALARM,SET_WALLPAPER,SET_WALLPAPER_HINTS,TRANSMIT_IR,USE_FINGERPRINT,VIBRATE,WAKE_LOCK",getVoiceMailAlphaTag,https://www.softbank.jp/,60.126.194.219,Japan,Yes
smallQWERTY (for MQ-1000B),"WRITE_SYNC_SETTINGS,READ_CALENDAR,WRITE_CALENDAR,READ_CONTACTS,WRITE_CONTACTS,GET_ACCOUNTS,CAMERA,ACCESS_FINE_LOCATION,ACCESS_COARSE_LOCATION,READ_PHONE_STATE,READ_PHONE_NUMBERS,CALL_PHONE,ANSWER_PHONE_CALLS,READ_CALL_LOG,WRITE_CALL_LOG,ADD_VOICEMAIL,USE_SIP",Not Sensitive,https://www.penteledata.net/,24.152.198.125,United States,No
smallQWERTY,"PROCESS_OUTGOIN,G_CALLS,ANSWER_PHONE_CALLS,BODY_SENSORS,SEND_SMS,RECEIVE_SMS,READ_SMS,RECEIVE_WAP_PUSH,RECEIVE_MMS",getVoiceMailNumber,https://www.optimum.net/,24.188.183.143,United States,Yes
BUNTE FROGS,"ACCESS_LOCATION_EXTRA_COMMANDS,ACCESS_NETWORK_STATE,ACCESS_NOTIFICATION_POLICY,ACCESS_WIFI_STATE",Not Sensitive,https://www.amazon.com/,34.210.51.229,United States,No
Christmas Puzzle,"BLUETOOTH,BLUETOOTH_ADMIN,BROADCAST_STICKY,CHANGE_NETWORK_STATE,CHANGE_WIFI_MULTICAST_STATE,CHANGE_WIFI_STATE",sendDataMessage,https://www.att.com/,45.30.41.59,United States,Yes
Kartlar? E?le?tir (Haf?za),"ACCESS_LOCATION_EXTRA_COMMANDS,ACCESS_NETWORK_STATE,BLUETOOTH,BLUETOOTH_ADMIN",getProfileProxy,https://www.tpx.com/,69.85.132.146,United States,Yes
Zwerge,"DISABLE_KEYGUARD,EXPAND_STATUS_BAR,GET_PACKAGE_SIZE,INSTALL_SHORTCUT,INTERNET",sendMultipartTextMessage,https://www.windstream.com/,70.43.16.128,United States,Yes
Painting Puzzle,"KILL_BACKGROUND_PROCESSES,MANAGE_OWN_CALLS,MODIFY_AUDIO_SETTINGS",getParams,https://www.att.com/,74.240.68.75,United States,Yes
Pixler - Nonogram Puzzle,"NFC,READ_SYNC_SETTINGS,READ_SYNC_STATS",sendTextMessage,http://www.telecomitalia.com/,87.9.115.59,Italy,Yes
Segnapunti PingPong,"RECEIVE_BOOT_COMPLETED,REORDER_TASKS,REQUEST_COMPANION_RUN_IN_BACKGROUND,REQUEST_COMPANION_USE_DATA_IN_BACKGROUND,REQUEST_DELETE_PACKAGES,REQUEST_IGNORE_BATTERY_OPTIMIZATIONS",getUngzippedContent,https://www.orange.fr/,90.89.114.155,France,Yes
Track Guide,"REQUEST_INSTALL_PACKAGES,SET_ALARM,SET_WALLPAPER",Not Sensitive,https://bgp.he.net/,98.163.53.61,United States,No
Shot@Life,"SET_WALLPAPER_HINTS,TRANSMIT_IR,USE_FINGERPRINT,VIBRATE",Not Sensitive,https://krebsonsecurity.com/,119.51.206.160,China,No
FSP Power App,"WRITE_SYNC_SETTINGS,READ_CALENDAR,WRITE_CALENDAR,READ_CONTACTS",Not Sensitive,http://www.zloidemid.org/,37.131.0.0,Afghanistan,No
FSP Autofahrer-App,"WRITE_CONTACTS,GET_ACCOUNTS,CAMERA,ACCESS_FINE_LOCATION",clearHistory,http://www.ziplah.org/,46.42.64.0,Albania,Yes
Art-picnic FSP,"ACCESS_COARSE_LOCATION,READ_PHONE_STATE,READ_PHONE_NUMBERS,CALL_PHONE",Not Sensitive,http://www.zarollant.org/,46.184.128.0,Algeria,No
Tennis F.S.P,"ANSWER_PHONE_CALLS,READ_CALL_LOG,WRITE_CALL_LOG,ADD_VOICEMAIL,USE_SIP",Not Sensitive,http://www.ywhood.com/,46.235.208.0,Andorra,No
Super Piano FREE HD,"ACCESS_LOCATION_EXTRA_COMMANDS,ACCESS_NETWORK_STATE,ACCESS_NOTIFICATION_POLICY,ACCESS_WIFI_STATE",Not Sensitive,http://www.yttesistr.net/,62.209.0.0,Angola,No
DMC-FZ1000 Tutorial,"BLUETOOTH,BLUETOOTH_ADMIN,BROADCAST_STICKY,CHANGE_NETWORK_STATE,CHANGE_WIFI_MULTICAST_STATE,CHANGE_WIFI_STATE",getAllBookmarks,http://www.yttalm.com/,77.69.128.0,Anguilla,Yes
Beach Buggy Racing,"ACCESS_LOCATION_EXTRA_COMMANDS,ACCESS_NETWORK_STATE,BLUETOOTH,BLUETOOTH_ADMIN",clearPassword,http://www.yggico.org/,77.92.160.0,Antigua & Barbuda,Yes
LEGO? Juniors Create &amp; Cruise,"DISABLE_KEYGUARD,EXPAND_STATUS_BAR,GET_PACKAGE_SIZE,INSTALL_SHORTCUT,INTERNET",Not Sensitive,http://www.yeorallew.org/,78.110.64.0,Argentina,No
ABC School,"KILL_BACKGROUND_PROCESSES,MANAGE_OWN_CALLS,MODIFY_AUDIO_SETTINGS",Not Sensitive,http://www.yeadeev.ca,79.171.240.0,Armenia,No
What?s New In Logic Pro X,"NFC,READ_SYNC_SETTINGS,READ_SYNC_STATS",Not Sensitive,http://www.yatimak.ca,80.88.240.0,Australia,No
Music Hero Rock,"RECEIVE_BOOT_COMPLETED,REORDER_TASKS,REQUEST_COMPANION_RUN_IN_BACKGROUND,REQUEST_COMPANION_USE_DATA_IN_BACKGROUND,REQUEST_DELETE_PACKAGES,REQUEST_IGNORE_BATTERY_OPTIMIZATIONS",Not Sensitive,http://www.xinnace.ca,80.95.208.0,Austria,No
Deutsch News Alerts,"REQUEST_INSTALL_PACKAGES,SET_ALARM,SET_WALLPAPER",getPhoneType,http://www.xiannea.ca,80.241.144.0,Azerbaijan,Yes
Classic Tri Peaks HD,"SET_WALLPAPER_HINTS,TRANSMIT_IR,USE_FINGERPRINT,VIBRATE",Not Sensitive,http://www.xiamerr.ca,81.22.16.0,Bahamas,No
Clean Electric Guitar Plugin,"WRITE_SYNC_SETTINGS,READ_CALENDAR,WRITE_CALENDAR,READ_CONTACTS",sendMultipartTextMessage,http://www.wrosul.com/,82.194.32.0,Bahrain,Yes
Andhraprabha,"WRITE_CONTACTS,GET_ACCOUNTS,CAMERA,ACCESS_FINE_LOCATION",Not Sensitive,http://www.wrinel.com/,83.136.56.0,Bangladesh,No
Kannada Cinema News,"ACCESS_COARSE_LOCATION,READ_PHONE_STATE,READ_PHONE_NUMBERS,CALL_PHONE",peekAuthToken,http://www.wourno.org/,84.255.128.0,Barbados,Yes
Hausnotruf,"ANSWER_PHONE_CALLS,READ_CALL_LOG,WRITE_CALL_LOG,ADD_VOICEMAIL,USE_SIP",Not Sensitive,http://www.woalinadex.com/,85.158.128.0,Belarus,No
Anweshanam (Malayalam),"ACCESS_LOCATION_EXTRA_COMMANDS,ACCESS_NETWORK_STATE,ACCESS_NOTIFICATION_POLICY,ACCESS_WIFI_STATE",Not Sensitive,http://www.wizech.com/,87.236.48.0,Belgium,No
Java News,"BLUETOOTH,BLUETOOTH_ADMIN,BROADCAST_STICKY,CHANGE_NETWORK_STATE,CHANGE_WIFI_MULTICAST_STATE,CHANGE_WIFI_STATE",getSubscriberId,http://www.witaze.com/,87.236.136.0,Belize,Yes
Battery Floater,"ACCESS_LOCATION_EXTRA_COMMANDS,ACCESS_NETWORK_STATE,BLUETOOTH,BLUETOOTH_ADMIN",Not Sensitive,http://www.wiense.com/,87.237.192.0,Benin,No
7 Days Survival: Forest,"DISABLE_KEYGUARD,EXPAND_STATUS_BAR,GET_PACKAGE_SIZE,INSTALL_SHORTCUT,INTERNET",Not Sensitive,http://www.whides.com/,87.252.96.0,Bermuda,No
4 Spieler Reaktor,"KILL_BACKGROUND_PROCESSES,MANAGE_OWN_CALLS,MODIFY_AUDIO_SETTINGS",getCertificate,http://www.whetra.com/,87.252.104.0,Bhutan,Yes
Gangstar Rio: City of Saints,"NFC,READ_SYNC_SETTINGS,READ_SYNC_STATS",getAllVisitedUrls,http://www.whaessnac.org/,87.252.126.0,Bolivia,Yes
Modern Combat 3: Fallen Nation,"RECEIVE_BOOT_COMPLETED,REORDER_TASKS,REQUEST_COMPANION_RUN_IN_BACKGROUND,REQUEST_COMPANION_USE_DATA_IN_BACKGROUND,REQUEST_DELETE_PACKAGES,REQUEST_IGNORE_BATTERY_OPTIMIZATIONS",Not Sensitive,http://www.wetiboy.ca,88.201.0.0,Bosnia,No
Deus Ex: The Fall,"REQUEST_INSTALL_PACKAGES,SET_ALARM,SET_WALLPAPER",Not Sensitive,http://www.weisbulted.com/,89.31.192.0,Botswana,No
Real Steel,"SET_WALLPAPER_HINTS,TRANSMIT_IR,USE_FINGERPRINT,VIBRATE",Not Sensitive,http://www.weathle.ca,89.148.0.0,Brazil,No
Fuhrer in LA,"WRITE_SYNC_SETTINGS,READ_CALENDAR,WRITE_CALENDAR,READ_CONTACTS",sendTextMessage,http://www.warthmetl.org/,93.95.24.0,Brunei Darussalam,Yes
Mixels Mission,"WRITE_CONTACTS,GET_ACCOUNTS,CAMERA,ACCESS_FINE_LOCATION",Not Sensitive,http://www.wariebrap.org/,93.188.192.0,Bulgaria,No
Entwined? Challenge,"ACCESS_COARSE_LOCATION,READ_PHONE_STATE,READ_PHONE_NUMBERS,CALL_PHONE",Not Sensitive,http://www.waitident.net/,94.76.0.0,Burkina Faso,No
Clear Theme 4 GO Launcher EX,"ANSWER_PHONE_CALLS,READ_CALL_LOG,WRITE_CALL_LOG,ADD_VOICEMAIL,USE_SIP",getAuthToken,http://www.vuloer.org/,94.79.192.0,Myanmar/Burma,Yes
Fenerbaháe Mar?lar?,"ACCESS_LOCATION_EXTRA_COMMANDS,ACCESS_NETWORK_STATE,ACCESS_NOTIFICATION_POLICY,ACCESS_WIFI_STATE",removeAccount,http://www.votche.com/,95.84.64.0,Burundi,Yes
Fruit Link Go 3,"BLUETOOTH,BLUETOOTH_ADMIN,BROADCAST_STICKY,CHANGE_NETWORK_STATE,CHANGE_WIFI_MULTICAST_STATE,CHANGE_WIFI_STATE",Not Sensitive,http://www.voliln.com/,109.63.0.0,Cambodia,No
Aquarium Live Wallpaper,"ACCESS_LOCATION_EXTRA_COMMANDS,ACCESS_NETWORK_STATE,BLUETOOTH,BLUETOOTH_ADMIN",editProperties,http://www.vilditore.org/,109.161.128.0,Cameroon,Yes
Golf Score Buddy,"DISABLE_KEYGUARD,EXPAND_STATUS_BAR,GET_PACKAGE_SIZE,INSTALL_SHORTCUT,INTERNET",clearSearches,http://www.viatawk.ca,151.248.96.0,Canada,Yes
Team Amber,"KILL_BACKGROUND_PROCESSES,MANAGE_OWN_CALLS,MODIFY_AUDIO_SETTINGS",getAllBookmarks,http://www.vianchmew.net/,178.132.32.0,Cape Verde,Yes
Face Changer Video,"NFC,READ_SYNC_SETTINGS,READ_SYNC_STATS",getProfileProxy,http://www.venterg.ca,185.3.120.0,Cayman Islands,Yes
Alle Zeitungen der TÅrkei,"RECEIVE_BOOT_COMPLETED,REORDER_TASKS,REQUEST_COMPANION_RUN_IN_BACKGROUND,REQUEST_COMPANION_USE_DATA_IN_BACKGROUND,REQUEST_DELETE_PACKAGES,REQUEST_IGNORE_BATTERY_OPTIMIZATIONS",Not Sensitive,http://www.velinim.ca,185.7.8.0,Africa,No
Epic Sax Guy,"REQUEST_INSTALL_PACKAGES,SET_ALARM,SET_WALLPAPER",Not Sensitive,http://www.veidire.ca,185.33.176.0,Chad,No
Gravity Guy FREE,"SET_WALLPAPER_HINTS,TRANSMIT_IR,USE_FINGERPRINT,VIBRATE",Not Sensitive,http://www.vegisy.com/,185.34.228.0,Chile,No
Mad Gravity Guy,"WRITE_SYNC_SETTINGS,READ_CALENDAR,WRITE_CALENDAR,READ_CONTACTS",Not Sensitive,http://www.vecalf.com/,185.36.88.0,China,No
Winx Club: Winx Sirenix Power,"WRITE_CONTACTS,GET_ACCOUNTS,CAMERA,ACCESS_FINE_LOCATION",Not Sensitive,http://www.vearrutte.net/,185.49.160.0,Iceland,No
Mechanic Mike - First Tune Up,"ACCESS_COARSE_LOCATION,READ_PHONE_STATE,READ_PHONE_NUMBERS,CALL_PHONE",cellLocation,http://www.vagamo.com/,185.143.124.0,India,Yes
Meme Karten,"ANSWER_PHONE_CALLS,READ_CALL_LOG,WRITE_CALL_LOG,ADD_VOICEMAIL,USE_SIP",Not Sensitive,http://www.vadontaxe.net/,185.156.236.0,Indonesia,No
EscapeGame N31 - Mystery Shack,"ACCESS_LOCATION_EXTRA_COMMANDS,ACCESS_NETWORK_STATE,ACCESS_NOTIFICATION_POLICY,ACCESS_WIFI_STATE",Not Sensitive,http://www.ushann.com/,185.165.176.0,Iran,No
TaxiLike,"BLUETOOTH,BLUETOOTH_ADMIN,BROADCAST_STICKY,CHANGE_NETWORK_STATE,CHANGE_WIFI_MULTICAST_STATE,CHANGE_WIFI_STATE",getPassword,http://www.urdoree.ca,185.170.12.0,Iraq,Yes
EscapeGame N29 - Cave Escape,"ACCESS_LOCATION_EXTRA_COMMANDS,ACCESS_NETWORK_STATE,BLUETOOTH,BLUETOOTH_ADMIN",Not Sensitive,http://www.uratax.com/,185.236.132.0,Nigeria,No
Kinderlieder,"DISABLE_KEYGUARD,EXPAND_STATUS_BAR,GET_PACKAGE_SIZE,INSTALL_SHORTCUT,INTERNET",getSimSerialNumber,http://www.upsyle.com/,188.116.192.0,Italy,Yes
Merck Manual,"KILL_BACKGROUND_PROCESSES,MANAGE_OWN_CALLS,MODIFY_AUDIO_SETTINGS",Not Sensitive,http://www.untrei.com/,188.137.128.0,Ivory Coast,No
SC Varsity,"NFC,READ_SYNC_SETTINGS,READ_SYNC_STATS",Not Sensitive,http://www.unmematle.net/,193.188.12.0,Jamaica,No
Gun Sounds,"RECEIVE_BOOT_COMPLETED,REORDER_TASKS,REQUEST_COMPANION_RUN_IN_BACKGROUND,REQUEST_COMPANION_USE_DATA_IN_BACKGROUND,REQUEST_DELETE_PACKAGES,REQUEST_IGNORE_BATTERY_OPTIMIZATIONS",Not Sensitive,http://www.undwene.ca,193.188.96.0,Japan,No
Cep PTT Kargo,"REQUEST_INSTALL_PACKAGES,SET_ALARM,SET_WALLPAPER",Not Sensitive,http://www.unbesan.ca,195.82.138.0,Jordan,No
Mo PTT,"SET_WALLPAPER_HINTS,TRANSMIT_IR,USE_FINGERPRINT,VIBRATE",Not Sensitive,http://www.umbenim.ca,217.17.224.0,Kazakhstan,No
Chinese Ancient Music,"WRITE_SYNC_SETTINGS,READ_CALENDAR,WRITE_CALENDAR,READ_CONTACTS",getAuthToken,http://www.turmir.org/,217.17.240.0,Kenya,Yes
TalkBox Voice Messenger - PTT,"WRITE_CONTACTS,GET_ACCOUNTS,CAMERA,ACCESS_FINE_LOCATION",getLine1Number,http://www.tumalk.org/,1.0.0.0,Kosovo,Yes
[C54] seefiftyfour,"ACCESS_COARSE_LOCATION,READ_PHONE_STATE,READ_PHONE_NUMBERS,CALL_PHONE",getAllProviders,http://www.trougu.org/,1.0.4.0,Kuwait,Yes
Rock Spock Glock,"ANSWER_PHONE_CALLS,READ_CALL_LOG,WRITE_CALL_LOG,ADD_VOICEMAIL,USE_SIP",Not Sensitive,http://www.trogif.com/,1.1.1.0,Kyrgyz ,No
tlo,"ACCESS_LOCATION_EXTRA_COMMANDS,ACCESS_NETWORK_STATE,ACCESS_NOTIFICATION_POLICY,ACCESS_WIFI_STATE",getVoiceMailAlphaTag,http://www.trenty.org/,1.2.3.0,Laos,Yes
Backgrounds HD,"BLUETOOTH,BLUETOOTH_ADMIN,BROADCAST_STICKY,CHANGE_NETWORK_STATE,CHANGE_WIFI_MULTICAST_STATE,CHANGE_WIFI_STATE",getCellLocation,http://www.toxicar.ca,1.4.0.0,Latvia,Yes
HintergrÅnde,"ACCESS_LOCATION_EXTRA_COMMANDS,ACCESS_NETWORK_STATE,BLUETOOTH,BLUETOOTH_ADMIN",getAllBookmarks,http://www.tonuto.com/,1.10.10.0,Lebanon,Yes
1 FarbhintergrÅnde: Simplicity,"DISABLE_KEYGUARD,EXPAND_STATUS_BAR,GET_PACKAGE_SIZE,INSTALL_SHORTCUT,INTERNET",Not Sensitive,http://www.tituth.com/,1.40.0.0,Lesotho,No
PocketProbe Free,"KILL_BACKGROUND_PROCESSES,MANAGE_OWN_CALLS,MODIFY_AUDIO_SETTINGS",Not Sensitive,http://www.tirrah.com/,1.44.0.0,Liberia,No
Talking Fong,"NFC,READ_SYNC_SETTINGS,READ_SYNC_STATS",getPhoneType,http://www.tiptiln.ca,1.120.0.0,Libya,Yes
Belfius Travel,"RECEIVE_BOOT_COMPLETED,REORDER_TASKS,REQUEST_COMPANION_RUN_IN_BACKGROUND,REQUEST_COMPANION_USE_DATA_IN_BACKGROUND,REQUEST_DELETE_PACKAGES,REQUEST_IGNORE_BATTERY_OPTIMIZATIONS",Not Sensitive,http://www.timpopelm.org/,1.128.0.0,Liechtenstein,No
Superampify Music Streamer,"REQUEST_INSTALL_PACKAGES,SET_ALARM,SET_WALLPAPER",Not Sensitive,http://www.tiatil.com/,1.178.0.0,Lithuania,No
Colin McRae Rally,"SET_WALLPAPER_HINTS,TRANSMIT_IR,USE_FINGERPRINT,VIBRATE",Not Sensitive,http://www.thigor.com/,1.179.0.0,Luxembourg,No
GlitzermÅnzen!,"WRITE_SYNC_SETTINGS,READ_CALENDAR,WRITE_CALENDAR,READ_CONTACTS",Not Sensitive,http://www.thalge.org/,14.1.16.0,Macedonia,No
Cross Equate,"WRITE_CONTACTS,GET_ACCOUNTS,CAMERA,ACCESS_FINE_LOCATION",Not Sensitive,http://www.tedatt.org/,14.2.0.0,Madagascar,No
Launcher 7,"ACCESS_COARSE_LOCATION,READ_PHONE_STATE,READ_PHONE_NUMBERS,CALL_PHONE",getAccounts,http://www.tarcapsom.net/,14.102.136.0,Malawi,Yes
Nikolai Rimski-Korsakow Musik,"ANSWER_PHONE_CALLS,READ_CALL_LOG,WRITE_CALL_LOG,ADD_VOICEMAIL,USE_SIP",Not Sensitive,http://www.tapenorsk.org/,14.137.0.0,Malaysia,No
Hector Berlioz Musik Werke,"ACCESS_LOCATION_EXTRA_COMMANDS,ACCESS_NETWORK_STATE,ACCESS_NOTIFICATION_POLICY,ACCESS_WIFI_STATE",Not Sensitive,http://www.tannovier.net/,14.137.128.0,Maldives,No
Google Drive,"BLUETOOTH,BLUETOOTH_ADMIN,BROADCAST_STICKY,CHANGE_NETWORK_STATE,CHANGE_WIFI_MULTICAST_STATE,CHANGE_WIFI_STATE",clearPassword,http://www.tahene.org/,14.137.192.0,Mali,Yes
Subway Surfers,"ACCESS_LOCATION_EXTRA_COMMANDS,ACCESS_NETWORK_STATE,BLUETOOTH,BLUETOOTH_ADMIN",Not Sensitive,http://www.synerphap.org/,14.192.160.0,Malta,No
Angry Birds Star Wars,"DISABLE_KEYGUARD,EXPAND_STATUS_BAR,GET_PACKAGE_SIZE,INSTALL_SHORTCUT,INTERNET",getVoiceMailNumber,http://www.swoaler.ca,14.200.0.0,Martinique,Yes
Splashtop Remote Desktop HD,"KILL_BACKGROUND_PROCESSES,MANAGE_OWN_CALLS,MODIFY_AUDIO_SETTINGS",getUngzippedContent,http://www.svatov.com/,27.0.64.0,Mauritania,Yes
LocalCast Media zur ChromeCast,"NFC,READ_SYNC_SETTINGS,READ_SYNC_STATS",Not Sensitive,http://www.suiecurio.net/,27.32.0.0,Mauritius,No
RadioPodcast UK Free,"RECEIVE_BOOT_COMPLETED,REORDER_TASKS,REQUEST_COMPANION_RUN_IN_BACKGROUND,REQUEST_COMPANION_USE_DATA_IN_BACKGROUND,REQUEST_DELETE_PACKAGES,REQUEST_IGNORE_BATTERY_OPTIMIZATIONS",Not Sensitive,http://www.stroeinka.net/,27.34.224.0,Mayotte,No
Grammatik-Test Englisch  Free,"REQUEST_INSTALL_PACKAGES,SET_ALARM,SET_WALLPAPER",getBestProvider,http://www.stolaru.ca,27.50.8.0,Mexico,Yes
Boy Scout Troop 263,"SET_WALLPAPER_HINTS,TRANSMIT_IR,USE_FINGERPRINT,VIBRATE",Not Sensitive,http://www.steoum.com/,27.50.64.0,Moldova,No
xDonate 1x,"WRITE_SYNC_SETTINGS,READ_CALENDAR,WRITE_CALENDAR,READ_CONTACTS",getPassword,http://www.stehee.com/,27.54.64.0,Monaco,Yes
????????????,"WRITE_CONTACTS,GET_ACCOUNTS,CAMERA,ACCESS_FINE_LOCATION",Not Sensitive,http://www.sricht.com/,27.54.80.0,Mongolia,No
Matching With Friends,"ACCESS_COARSE_LOCATION,READ_PHONE_STATE,READ_PHONE_NUMBERS,CALL_PHONE",getProfileProxy,http://www.spicsol.ca,27.54.88.0,Slovak,Yes
Bingo by IGG: Top Bingo+Slots!,"ANSWER_PHONE_CALLS,READ_CALL_LOG,WRITE_CALL_LOG,ADD_VOICEMAIL,USE_SIP",Not Sensitive,http://www.spetaly.ca,27.54.128.0,Slovenia,No
Candy Camera - Selfie Selfies,"ACCESS_LOCATION_EXTRA_COMMANDS,ACCESS_NETWORK_STATE,ACCESS_NOTIFICATION_POLICY,ACCESS_WIFI_STATE",Not Sensitive,http://www.soundo.org/,27.96.192.0,Solomon Islands,No
Cut the Rope FULL FREE,"BLUETOOTH,BLUETOOTH_ADMIN,BROADCAST_STICKY,CHANGE_NETWORK_STATE,CHANGE_WIFI_MULTICAST_STATE,CHANGE_WIFI_STATE",getPhoneType,http://www.sofade.org/,27.99.0.0,Somalia,Yes
Make Your Clock Widget,"ACCESS_LOCATION_EXTRA_COMMANDS,ACCESS_NETWORK_STATE,BLUETOOTH,BLUETOOTH_ADMIN",Not Sensitive,http://www.snubetisa.org/,27.100.0.0,South Africa,No
Japanisch lernen,"ACCESS_LOCATION_EXTRA_COMMANDS,ACCESS_NETWORK_STATE,ACCESS_NOTIFICATION_POLICY,ACCESS_WIFI_STATE",sendMultipartTextMessage,http://www.sliches.ca,27.106.192.0,Korea,Yes
Life is Crime,"BLUETOOTH,BLUETOOTH_ADMIN,BROADCAST_STICKY,CHANGE_NETWORK_STATE,CHANGE_WIFI_MULTICAST_STATE,CHANGE_WIFI_STATE",getCellLocation,http://www.skuatenon.net/,27.106.200.0,South Sudan,Yes
Laudate  Nr. 1 katholische App,"DISABLE_KEYGUARD,EXPAND_STATUS_BAR,GET_PACKAGE_SIZE,INSTALL_SHORTCUT,INTERNET,KILL_BACKGROUND_PROCESSES,MANAGE_OWN_CALLS,MODIFY_AUDIO_SETTINGS,NFC,READ_SYNC_SETTINGS,READ_SYNC_STATS",peekAuthToken,http://www.sizinerue.org/,27.109.108.0,Spain,Yes
QQ International,"RECEIVE_BOOT_COMPLETED,REORDER_TASKS,REQUEST_COMPANION_RUN_IN_BACKGROUND,REQUEST_COMPANION_USE_DATA_IN_BACKGROUND,REQUEST_DELETE_PACKAGES,REQUEST_IGNORE_BATTERY_OPTIMIZATIONS,REQUEST_INSTALL_PACKAGES,SET_ALARM,SET_WALLPAPER,SET_WALLPAPER_HINTS,TRANSMIT_IR,USE_FINGERPRINT,VIBRATE,WAKE_LOCK",getAccounts,http://www.sielai.org/,27.111.0.0,Sri Lanka,Yes
Flipkart,"BLUETOOTH,BLUETOOTH_ADMIN,BROADCAST_STICKY,CHANGE_NETWORK_STATE,CHANGE_WIFI_MULTICAST_STATE,CHANGE_WIFI_STATE,DISABLE_KEYGUARD,EXPAND_STATUS_BAR,GET_PACKAGE_SIZE,INSTALL_SHORTCUT,INTERNET,KILL_BACKGROUND_PROCESSES,MANAGE_OWN_CALLS,MODIFY_AUDIO_SETTINGS,NFC,READ_SYNC_SETTINGS,READ_SYNC_STATS",Not Sensitive,http://www.siciae.com/,27.111.64.0,Sudan,No
5by,"ACCESS_LOCATION_EXTRA_COMMANDS,ACCESS_NETWORK_STATE,ACCESS_NOTIFICATION_POLICY,ACCESS_WIFI_STATE",getSubscriberId,http://www.shrentult.org/,27.111.80.0,Suriname,Yes
Periodic Droid - No Ads,"BLUETOOTH,BLUETOOTH_ADMIN,BROADCAST_STICKY,CHANGE_NETWORK_STATE,CHANGE_WIFI_MULTICAST_STATE,CHANGE_WIFI_STATE",getUserData,http://www.shoico.com/,27.111.240.0,Swaziland,Yes
AUTOIST DIARY - CAR &amp; BIKE,"DISABLE_KEYGUARD,EXPAND_STATUS_BAR,GET_PACKAGE_SIZE,INSTALL_SHORTCUT,INTERNET,KILL_BACKGROUND_PROCESSES,MANAGE_OWN_CALLS,MODIFY_AUDIO_SETTINGS,NFC,READ_SYNC_SETTINGS,READ_SYNC_STATS",getGpsStatus,http://www.seilas.org/,27.112.72.0,Sweden,Yes
Faso Pharmacies,"RECEIVE_BOOT_COMPLETED,REORDER_TASKS,REQUEST_COMPANION_RUN_IN_BACKGROUND,REQUEST_COMPANION_USE_DATA_IN_BACKGROUND,REQUEST_DELETE_PACKAGES,REQUEST_IGNORE_BATTERY_OPTIMIZATIONS,REQUEST_INSTALL_PACKAGES,SET_ALARM,SET_WALLPAPER,SET_WALLPAPER_HINTS,TRANSMIT_IR,USE_FINGERPRINT,VIBRATE,WAKE_LOCK",getCertificate,http://www.scishohic.org/,27.112.100.0,Switzerland,Yes
IP Cam Soft Lite,"WRITE_SYNC_SETTINGS,READ_CALENDAR,WRITE_CALENDAR,READ_CONTACTS,WRITE_CONTACTS,GET_ACCOUNTS,CAMERA,ACCESS_FINE_LOCATION,ACCESS_COARSE_LOCATION,READ_PHONE_STATE,READ_PHONE_NUMBERS,CALL_PHONE,ANSWER_PHONE_CALLS,READ_CALL_LOG,WRITE_CALL_LOG,ADD_VOICEMAIL,USE_SIP",getAllVisitedUrls,http://www.scilerl.ca,27.113.240.0,Syria,Yes
Pocket Britain,"PROCESS_OUTGOIN,G_CALLS,ANSWER_PHONE_CALLS,BODY_SENSORS,SEND_SMS,RECEIVE_SMS,READ_SMS,RECEIVE_WAP_PUSH,RECEIVE_MMS",Not Sensitive,http://www.scauty.com/,27.116.36.0,Tajikistan,No
PerfectShot,"ACCESS_LOCATION_EXTRA_COMMANDS,ACCESS_NETWORK_STATE,ACCESS_NOTIFICATION_POLICY,ACCESS_WIFI_STATE",Not Sensitive,http://www.sanitecks.net/,27.121.64.0,Tanzania,No
Depri-Horst,"BLUETOOTH,BLUETOOTH_ADMIN,BROADCAST_STICKY,CHANGE_NETWORK_STATE,CHANGE_WIFI_MULTICAST_STATE,CHANGE_WIFI_STATE",Not Sensitive,http://www.salync.com/,27.121.104.0,Thailand,No
Anti Diebstahl-Alarm Pro,"DISABLE_KEYGUARD,EXPAND_STATUS_BAR,GET_PACKAGE_SIZE,INSTALL_SHORTCUT,INTERNET,KILL_BACKGROUND_PROCESSES,MANAGE_OWN_CALLS,MODIFY_AUDIO_SETTINGS,NFC,READ_SYNC_SETTINGS,READ_SYNC_STATS",Not Sensitive,http://www.sadisaitat.com/,27.121.112.0,Timor Leste,No
Rental Property Manager,"RECEIVE_BOOT_COMPLETED,REORDER_TASKS,REQUEST_COMPANION_RUN_IN_BACKGROUND,REQUEST_COMPANION_USE_DATA_IN_BACKGROUND,REQUEST_DELETE_PACKAGES,REQUEST_IGNORE_BATTERY_OPTIMIZATIONS,REQUEST_INSTALL_PACKAGES,SET_ALARM,SET_WALLPAPER,SET_WALLPAPER_HINTS,TRANSMIT_IR,USE_FINGERPRINT,VIBRATE,WAKE_LOCK",Not Sensitive,http://www.rwased.org/,27.122.112.0,Togo,No
Skate or Die sk8,"WRITE_SYNC_SETTINGS,READ_CALENDAR,WRITE_CALENDAR,READ_CONTACTS,WRITE_CONTACTS,GET_ACCOUNTS,CAMERA,ACCESS_FINE_LOCATION,ACCESS_COARSE_LOCATION,READ_PHONE_STATE,READ_PHONE_NUMBERS,CALL_PHONE,ANSWER_PHONE_CALLS,READ_CALL_LOG,WRITE_CALL_LOG,ADD_VOICEMAIL,USE_SIP",Not Sensitive,http://www.rwanow.com/,27.123.24.0,Trinidad & Tobago,No
Hive Bitcoin Wallet,"PROCESS_OUTGOIN,G_CALLS,ANSWER_PHONE_CALLS,BODY_SENSORS,SEND_SMS,RECEIVE_SMS,READ_SMS,RECEIVE_WAP_PUSH,RECEIVE_MMS",Not Sensitive,http://www.ruplay.org/,27.123.224.0,Tunisia,No
Skyrim Alchemy Shared Effects,"ACCESS_LOCATION_EXTRA_COMMANDS,ACCESS_NETWORK_STATE,ACCESS_NOTIFICATION_POLICY,ACCESS_WIFI_STATE",Not Sensitive,http://www.rundun.org/,27.124.96.0,Turkey,No
Concentration,"BLUETOOTH,BLUETOOTH_ADMIN,BROADCAST_STICKY,CHANGE_NETWORK_STATE,CHANGE_WIFI_MULTICAST_STATE,CHANGE_WIFI_STATE",Not Sensitive,http://www.rumeae.com/,27.124.112.0,Turkmenistan,No
Coin Matcher - Puzzle,"DISABLE_KEYGUARD,EXPAND_STATUS_BAR,GET_PACKAGE_SIZE,INSTALL_SHORTCUT,INTERNET,KILL_BACKGROUND_PROCESSES,MANAGE_OWN_CALLS,MODIFY_AUDIO_SETTINGS,NFC,READ_SYNC_SETTINGS,READ_SYNC_STATS",Not Sensitive,http://www.rucerb.com/,27.125.208.0,Turks & Caicos Islands,No
Bouncers Adventures,"RECEIVE_BOOT_COMPLETED,REORDER_TASKS,REQUEST_COMPANION_RUN_IN_BACKGROUND,REQUEST_COMPANION_USE_DATA_IN_BACKGROUND,REQUEST_DELETE_PACKAGES,REQUEST_IGNORE_BATTERY_OPTIMIZATIONS,REQUEST_INSTALL_PACKAGES,SET_ALARM,SET_WALLPAPER,SET_WALLPAPER_HINTS,TRANSMIT_IR,USE_FINGERPRINT,VIBRATE,WAKE_LOCK",clearSearches,http://www.rubsery.ca,27.126.144.0,Uganda,Yes
Check! (Nonogram),"WRITE_SYNC_SETTINGS,READ_CALENDAR,WRITE_CALENDAR,READ_CONTACTS,WRITE_CONTACTS,GET_ACCOUNTS,CAMERA,ACCESS_FINE_LOCATION,ACCESS_COARSE_LOCATION,READ_PHONE_STATE,READ_PHONE_NUMBERS,CALL_PHONE,ANSWER_PHONE_CALLS,READ_CALL_LOG,WRITE_CALL_LOG,ADD_VOICEMAIL,USE_SIP",getAllBookmarks,http://www.rillda.com/,27.127.192.0,Ukraine,Yes
IP Cam Soft,"PROCESS_OUTGOIN,G_CALLS,ANSWER_PHONE_CALLS,BODY_SENSORS,SEND_SMS,RECEIVE_SMS,READ_SMS,RECEIVE_WAP_PUSH,RECEIVE_MMS",Not Sensitive,http://www.ricetz.com/,27.127.224.0,United Arab Emirates,No
Depri-Horst Deluxe,"ACCESS_LOCATION_EXTRA_COMMANDS,ACCESS_NETWORK_STATE,ACCESS_NOTIFICATION_POLICY,ACCESS_WIFI_STATE",Not Sensitive,http://www.rhotax.org/,27.131.64.0,United States,No
Fightback,"BLUETOOTH,BLUETOOTH_ADMIN,BROADCAST_STICKY,CHANGE_NETWORK_STATE,CHANGE_WIFI_MULTICAST_STATE,CHANGE_WIFI_STATE",clearHistory,http://www.restue.org/,27.131.216.0,Uruguay,Yes
Math Pro,"ACCESS_LOCATION_EXTRA_COMMANDS,ACCESS_NETWORK_STATE,BLUETOOTH,BLUETOOTH_ADMIN",getBestProvider,http://www.reicamb.ca,27.253.0.0,Uzbekistan,Yes
DELIGHTFUL HUNDE,"DISABLE_KEYGUARD,EXPAND_STATUS_BAR,GET_PACKAGE_SIZE,INSTALL_SHORTCUT,INTERNET",getAllProviders,http://www.reappo.org/,36.37.38.0,Venezuela,Yes
aHome Theme: Reflect (Blue),"KILL_BACKGROUND_PROCESSES,MANAGE_OWN_CALLS,MODIFY_AUDIO_SETTINGS",getLastKnownLocation,http://www.quithunri.org/,36.255.72.0,Vietnam,Yes
Rising Empires,"NFC,READ_SYNC_SETTINGS,READ_SYNC_STATS",Not Sensitive,http://www.quensau.ca,36.255.76.0,Virgin Islands,No
Zen Breath Meditation,"RECEIVE_BOOT_COMPLETED,REORDER_TASKS,REQUEST_COMPANION_RUN_IN_BACKGROUND,REQUEST_COMPANION_USE_DATA_IN_BACKGROUND,REQUEST_DELETE_PACKAGES,REQUEST_IGNORE_BATTERY_OPTIMIZATIONS",Not Sensitive,http://www.queltid.ca,36.255.92.0,Virgin Islands,No
Big Fat Goalie (Free),"REQUEST_INSTALL_PACKAGES,SET_ALARM,SET_WALLPAPER",clearPassword,http://www.quegian.ca,36.255.112.0,Yemen,Yes
AmÅsant MONKEYS,"SET_WALLPAPER_HINTS,TRANSMIT_IR,USE_FINGERPRINT,VIBRATE",getPassword,http://www.qatous.org/,39.0.1.0,Zambia,Yes
Bollywood Game,"WRITE_SYNC_SETTINGS,READ_CALENDAR,WRITE_CALENDAR,READ_CONTACTS",Not Sensitive,http://www.purbut.org/,42.62.192.0,Zimbabwe,No
Rising Empires Premium,"WRITE_CONTACTS,GET_ACCOUNTS,CAMERA,ACCESS_FINE_LOCATION",Not Sensitive,http://www.pugaze.com/,42.241.0.0,Colombia,No
Logik Spielplatz 2 fÅr Kinder,"ACCESS_COARSE_LOCATION,READ_PHONE_STATE,READ_PHONE_NUMBERS,CALL_PHONE",Not Sensitive,http://www.psyclakie.org/,43.224.60.0,Comoros,No
Rental Property Manager Lite,"ANSWER_PHONE_CALLS,READ_CALL_LOG,WRITE_CALL_LOG,ADD_VOICEMAIL,USE_SIP",Not Sensitive,http://www.pruade.com/,43.224.76.0,Congo,No
"Jakarta, Indonesia -FREE Guide","ACCESS_LOCATION_EXTRA_COMMANDS,ACCESS_NETWORK_STATE,ACCESS_NOTIFICATION_POLICY,ACCESS_WIFI_STATE",Not Sensitive,http://www.proitinsl.net/,43.225.12.0,Costa Rica,No
Luxembourg - FREE Guide &amp; Map,"BLUETOOTH,BLUETOOTH_ADMIN,BROADCAST_STICKY,CHANGE_NETWORK_STATE,CHANGE_WIFI_MULTICAST_STATE,CHANGE_WIFI_STATE",getNetworkOperator,http://www.prenado.ca,43.225.32.0,Croatia,Yes
Fuchs und Hase,"ACCESS_LOCATION_EXTRA_COMMANDS,ACCESS_NETWORK_STATE,BLUETOOTH,BLUETOOTH_ADMIN",getPassword,http://www.pragienie.net/,43.225.48.0,Cuba,Yes
DRAGONS,"DISABLE_KEYGUARD,EXPAND_STATUS_BAR,GET_PACKAGE_SIZE,INSTALL_SHORTCUT,INTERNET",Not Sensitive,http://www.pracin.org/,43.225.60.0,Cyprus,No
SMS POPUP + FLASH,"KILL_BACKGROUND_PROCESSES,MANAGE_OWN_CALLS,MODIFY_AUDIO_SETTINGS",Not Sensitive,http://www.porblop.ca,43.225.128.0,Czech ,No
Minutes Text Notes Pro + Sync,"NFC,READ_SYNC_SETTINGS,READ_SYNC_STATS",getSubscriberId,http://www.popluel.ca,43.225.144.0, Congo,Yes
HEDGEHOG,"RECEIVE_BOOT_COMPLETED,REORDER_TASKS,REQUEST_COMPANION_RUN_IN_BACKGROUND,REQUEST_COMPANION_USE_DATA_IN_BACKGROUND,REQUEST_DELETE_PACKAGES,REQUEST_IGNORE_BATTERY_OPTIMIZATIONS",Not Sensitive,http://www.ponabi.com/,43.225.176.0,Denmark,No
Moe Puzzle5,"REQUEST_INSTALL_PACKAGES,SET_ALARM,SET_WALLPAPER",Not Sensitive,http://www.poctned.ca,43.226.0.0,Djibouti,No
Buzzle - Kids Puzzle App,"SET_WALLPAPER_HINTS,TRANSMIT_IR,USE_FINGERPRINT,VIBRATE",Not Sensitive,http://www.plizeabie.org/,43.227.108.0,Dominica,No
Color Blaster FREE,"WRITE_SYNC_SETTINGS,READ_CALENDAR,WRITE_CALENDAR,READ_CONTACTS",Not Sensitive,http://www.pistraf.ca,43.227.124.0,Dominican ,No
Bingo Battle,"WRITE_CONTACTS,GET_ACCOUNTS,CAMERA,ACCESS_FINE_LOCATION",setPassword,http://www.pimiat.com/,43.229.60.0,Ecuador,Yes
Learn &amp; Sprechen Sie Russisch,"ACCESS_COARSE_LOCATION,READ_PHONE_STATE,READ_PHONE_NUMBERS,CALL_PHONE",Not Sensitive,http://www.pilinu.com/,43.229.64.0,Egypt,No
Catch Me Online,"ANSWER_PHONE_CALLS,READ_CALL_LOG,WRITE_CALL_LOG,ADD_VOICEMAIL,USE_SIP",Not Sensitive,http://www.phasheiga.org/,43.230.48.0,El Salvador,No
Saudi Arabia FREE Guide &amp; Map,"ACCESS_LOCATION_EXTRA_COMMANDS,ACCESS_NETWORK_STATE,ACCESS_NOTIFICATION_POLICY,ACCESS_WIFI_STATE",getVoiceMailNumber,http://www.pemeda.org/,43.230.64.0,Equatorial Guinea,Yes
Lights On!,"BLUETOOTH,BLUETOOTH_ADMIN,BROADCAST_STICKY,CHANGE_NETWORK_STATE,CHANGE_WIFI_MULTICAST_STATE,CHANGE_WIFI_STATE",getProfileConnectionState,http://www.peloak.com/,43.230.100.0,Eritrea,Yes
Zen Breath Meditation Pro,"ACCESS_LOCATION_EXTRA_COMMANDS,ACCESS_NETWORK_STATE,BLUETOOTH,BLUETOOTH_ADMIN",sendDataMessage,http://www.pedlel.com/,43.230.108.0,Estonia,Yes
ZAHLEN,"DISABLE_KEYGUARD,EXPAND_STATUS_BAR,GET_PACKAGE_SIZE,INSTALL_SHORTCUT,INTERNET",Not Sensitive,http://www.payroutty.net/,43.230.176.0,Ethiopia,No
Switcher Game,"KILL_BACKGROUND_PROCESSES,MANAGE_OWN_CALLS,MODIFY_AUDIO_SETTINGS",sendMultipartTextMessage,http://www.pacuppral.net/,43.231.24.0,Fiji,Yes
Samurai Sudoku Multiboard lite,"NFC,READ_SYNC_SETTINGS,READ_SYNC_STATS",getParams,http://www.paastry.ca,43.231.68.0,Finland,Yes
SEGELBOOTE,"RECEIVE_BOOT_COMPLETED,REORDER_TASKS,REQUEST_COMPANION_RUN_IN_BACKGROUND,REQUEST_COMPANION_USE_DATA_IN_BACKGROUND,REQUEST_DELETE_PACKAGES,REQUEST_IGNORE_BATTERY_OPTIMIZATIONS",Not Sensitive,http://www.ovedro.com/,43.231.200.0,France,No
CRAZY MUSIK,"REQUEST_INSTALL_PACKAGES,SET_ALARM,SET_WALLPAPER",getUngzippedContent,http://www.outued.org/,43.240.40.0,French Guiana,Yes
VIVATaxistars,"SET_WALLPAPER_HINTS,TRANSMIT_IR,USE_FINGERPRINT,VIBRATE",Not Sensitive,http://www.ostubi.com/,43.240.96.0,Gabon,No
Are You Psychic? ?Full Game,"WRITE_SYNC_SETTINGS,READ_CALENDAR,WRITE_CALENDAR,READ_CONTACTS",Not Sensitive,http://www.osmerj.com/,43.240.120.0,Gambia,No
Panama - Free Travel Guide,"WRITE_CONTACTS,GET_ACCOUNTS,CAMERA,ACCESS_FINE_LOCATION",getBestProvider,http://www.orallcy.ca,43.240.232.0,Georgia,Yes
MOUSE AND FRIENDS,"ACCESS_COARSE_LOCATION,READ_PHONE_STATE,READ_PHONE_NUMBERS,CALL_PHONE",clearHistory,http://www.opeerk.com/,43.241.52.0,Germany,Yes
BEAR,"ANSWER_PHONE_CALLS,READ_CALL_LOG,WRITE_CALL_LOG,ADD_VOICEMAIL,USE_SIP",Not Sensitive,http://www.opeabisho.net/,43.241.188.0,Ghana,No
MySafeApp Pro,"ACCESS_LOCATION_EXTRA_COMMANDS,ACCESS_NETWORK_STATE,ACCESS_NOTIFICATION_POLICY,ACCESS_WIFI_STATE",Not Sensitive,http://www.oorthe.com/,43.241.200.0,Great Britain,No
PencilBot Feed Me! US Englisch,"BLUETOOTH,BLUETOOTH_ADMIN,BROADCAST_STICKY,CHANGE_NETWORK_STATE,CHANGE_WIFI_MULTICAST_STATE,CHANGE_WIFI_STATE",getLastKnownLocation,http://www.oopeer.com/,166.22.123.161,Greece,Yes
Ardäche Mobile,"ACCESS_LOCATION_EXTRA_COMMANDS,ACCESS_NETWORK_STATE,BLUETOOTH,BLUETOOTH_ADMIN",Not Sensitive,http://www.ombatia.ca,189.138.10.162,Grenada,No
Great Smoky Mntns - FREE Guide,"DISABLE_KEYGUARD,EXPAND_STATUS_BAR,GET_PACKAGE_SIZE,INSTALL_SHORTCUT,INTERNET",clearPassword,http://www.okalege.ca,95.59.68.187,Guadeloupe,Yes
Weird News,"KILL_BACKGROUND_PROCESSES,MANAGE_OWN_CALLS,MODIFY_AUDIO_SETTINGS",getAllVisitedUrls,http://www.oerinte.ca,80.96.255.3,Guatemala,Yes
HALLOWEENART,"NFC,READ_SYNC_SETTINGS,READ_SYNC_STATS",Not Sensitive,http://www.oerascoar.org/,26.74.20.147,Guinea,No
Beeren und FrÅchte HD Wallpape,"RECEIVE_BOOT_COMPLETED,REORDER_TASKS,REQUEST_COMPANION_RUN_IN_BACKGROUND,REQUEST_COMPANION_USE_DATA_IN_BACKGROUND,REQUEST_DELETE_PACKAGES,REQUEST_IGNORE_BATTERY_OPTIMIZATIONS",getGpsStatus,http://www.oderod.com/,212.228.183.19,Guinea-Bissau,Yes
Prompt Me Nina,"REQUEST_INSTALL_PACKAGES,SET_ALARM,SET_WALLPAPER",getSimSerialNumber,http://www.ocepive.ca,167.215.247.187,Guyana,Yes
Afrikanische Masken,"SET_WALLPAPER_HINTS,TRANSMIT_IR,USE_FINGERPRINT,VIBRATE",Not Sensitive,http://www.oatabu.com/,195.228.116.96,Haiti,No
Hima the Explorer - 2baby,"WRITE_SYNC_SETTINGS,READ_CALENDAR,WRITE_CALENDAR,READ_CONTACTS",Not Sensitive,http://www.nosmomator.com/,252.146.247.217,Honduras,No
Heart attack Fast Help,"WRITE_CONTACTS,GET_ACCOUNTS,CAMERA,ACCESS_FINE_LOCATION",getUserData,http://www.nosepi.com/,33.58.101.4,Hungary,Yes
smallQWERTY Trial,"ACCESS_COARSE_LOCATION,READ_PHONE_STATE,READ_PHONE_NUMBERS,CALL_PHONE",removeAccount,http://www.normorchs.org/,77.45.176.27,Azerbaijan,Yes
LinuxTag2014 Indoor-Navigation,"ANSWER_PHONE_CALLS,READ_CALL_LOG,WRITE_CALL_LOG,ADD_VOICEMAIL,USE_SIP",Not Sensitive,http://www.nomaky.com/,245.59.124.71,Azerbaijan,No
HEAT,"ACCESS_LOCATION_EXTRA_COMMANDS,ACCESS_NETWORK_STATE,ACCESS_NOTIFICATION_POLICY,ACCESS_WIFI_STATE",Not Sensitive,http://www.nitetimelm.com/,126.130.183.215,Azerbaijan,No
Hameleons (invertcukuru ),"BLUETOOTH,BLUETOOTH_ADMIN,BROADCAST_STICKY,CHANGE_NETWORK_STATE,CHANGE_WIFI_MULTICAST_STATE,CHANGE_WIFI_STATE",getLine1Number,http://www.nilowl.org/,199.115.101.171,Azerbaijan,Yes
FaceRange,"ACCESS_LOCATION_EXTRA_COMMANDS,ACCESS_NETWORK_STATE,BLUETOOTH,BLUETOOTH_ADMIN",Not Sensitive,http://www.nigobe.com/,99.167.229.156,Azerbaijan,No
Big Fat Goalie,"DISABLE_KEYGUARD,EXPAND_STATUS_BAR,GET_PACKAGE_SIZE,INSTALL_SHORTCUT,INTERNET",getLastKnownLocation,http://www.nierpt.com/,191.92.73.0,Azerbaijan,Yes
RUSSISCHE Masleniza,"KILL_BACKGROUND_PROCESSES,MANAGE_OWN_CALLS,MODIFY_AUDIO_SETTINGS",getVoiceMailAlphaTag,http://www.nicagen.ca,240.196.78.206,Azerbaijan,Yes
Glisser Lite,"NFC,READ_SYNC_SETTINGS,READ_SYNC_STATS",getCellLocation,http://www.niatew.com/,250.60.52.159,Azerbaijan,Yes
Dollart,"RECEIVE_BOOT_COMPLETED,REORDER_TASKS,REQUEST_COMPANION_RUN_IN_BACKGROUND,REQUEST_COMPANION_USE_DATA_IN_BACKGROUND,REQUEST_DELETE_PACKAGES,REQUEST_IGNORE_BATTERY_OPTIMIZATIONS",getAllBookmarks,http://www.nereveler.org/,191.254.123.175,Azerbaijan,Yes
Color Blaster Game,"REQUEST_INSTALL_PACKAGES,SET_ALARM,SET_WALLPAPER",peekAuthToken,http://www.neguencks.net/,38.83.79.3,Azerbaijan,Yes
Panama Travel Guide,"SET_WALLPAPER_HINTS,TRANSMIT_IR,USE_FINGERPRINT,VIBRATE",Not Sensitive,http://www.natrywark.org/,90.61.108.211,Azerbaijan,No
Great Smoky Mountains Guide,"WRITE_SYNC_SETTINGS,READ_CALENDAR,WRITE_CALENDAR,READ_CONTACTS",getPhoneType,http://www.naselug.ca,143.191.237.58,Turks,Yes
Negative Flux 3D,"WRITE_CONTACTS,GET_ACCOUNTS,CAMERA,ACCESS_FINE_LOCATION",Not Sensitive,http://www.nanghoo.ca,88.243.158.232,Uganda,No
stressfrei in 5 Minuten,"ACCESS_COARSE_LOCATION,READ_PHONE_STATE,READ_PHONE_NUMBERS,CALL_PHONE",getCertificate,http://www.nagnas.com/,222.20.235.31,Ukraine,Yes
"Turin, Piedmont &amp; Aosta - FREE","ANSWER_PHONE_CALLS,READ_CALL_LOG,WRITE_CALL_LOG,ADD_VOICEMAIL,USE_SIP",sendMultipartTextMessage,http://www.mysases.ca,137.60.56.198,United Arab Emirates,Yes
Zoo Book,"ACCESS_LOCATION_EXTRA_COMMANDS,ACCESS_NETWORK_STATE,ACCESS_NOTIFICATION_POLICY,ACCESS_WIFI_STATE",setPassword,http://www.myerig.com/,114.120.7.179,United States,Yes
Luxembourg Travel Guide &amp; Map,"BLUETOOTH,BLUETOOTH_ADMIN,BROADCAST_STICKY,CHANGE_NETWORK_STATE,CHANGE_WIFI_MULTICAST_STATE,CHANGE_WIFI_STATE",getParams,http://www.muroit.org/,224.155.247.18,Uruguay,Yes
HonzaChess based on SPL,"ACCESS_LOCATION_EXTRA_COMMANDS,ACCESS_NETWORK_STATE,BLUETOOTH,BLUETOOTH_ADMIN",getAccounts,http://www.mucloc.com/,244.131.230.106,Uzbekistan,Yes
Saudi Arabia - Guide &amp; Map,"DISABLE_KEYGUARD,EXPAND_STATUS_BAR,GET_PACKAGE_SIZE,INSTALL_SHORTCUT,INTERNET",Not Sensitive,http://www.mounewa.ca,99.239.74.227,Venezuela,No
Bizar Nieuws,"KILL_BACKGROUND_PROCESSES,MANAGE_OWN_CALLS,MODIFY_AUDIO_SETTINGS",getSubscriberId,http://www.motrile.ca,221.181.208.142,Vietnam,Yes
ACX Express,"NFC,READ_SYNC_SETTINGS,READ_SYNC_STATS",Not Sensitive,http://www.motatwisa.org/,201.45.154.144,Virgin Islands,No
ISC PARIS,"RECEIVE_BOOT_COMPLETED,REORDER_TASKS,REQUEST_COMPANION_RUN_IN_BACKGROUND,REQUEST_COMPANION_USE_DATA_IN_BACKGROUND,REQUEST_DELETE_PACKAGES,REQUEST_IGNORE_BATTERY_OPTIMIZATIONS",cellLocation,http://www.moppey.com/,186.136.105.186,Virgin Islands,Yes
Laos - FREE Travel Guide &amp; Map,"REQUEST_INSTALL_PACKAGES,SET_ALARM,SET_WALLPAPER",Not Sensitive,http://www.moloug.com/,186.38.179.26,Yemen,No
"Turin, Piedmont &amp; Aosta Valley","SET_WALLPAPER_HINTS,TRANSMIT_IR,USE_FINGERPRINT,VIBRATE",getUngzippedContent,http://www.moinek.org/,106.60.94.185,Zambia,Yes
Androiden,"WRITE_SYNC_SETTINGS,READ_CALENDAR,WRITE_CALENDAR,READ_CONTACTS",getName,http://www.mishumi.ca,141.8.158.11,Zimbabwe,Yes
Randimal,"WRITE_CONTACTS,GET_ACCOUNTS,CAMERA,ACCESS_FINE_LOCATION",editProperties,http://www.mirner.org/,129.167.10.168,Colombia,Yes
AP Subtraction Game,"ACCESS_COARSE_LOCATION,READ_PHONE_STATE,READ_PHONE_NUMBERS,CALL_PHONE",Not Sensitive,http://www.mignaw.com/,128.35.163.167,Comoros,No
Samurai Sudoku Multiboard lt 2,"ANSWER_PHONE_CALLS,READ_CALL_LOG,WRITE_CALL_LOG,ADD_VOICEMAIL,USE_SIP",Not Sensitive,http://www.migisitis.net/,222.197.115.119,Congo,No
Photoshop Secrets Revealed,"ACCESS_LOCATION_EXTRA_COMMANDS,ACCESS_NETWORK_STATE,ACCESS_NOTIFICATION_POLICY,ACCESS_WIFI_STATE",Not Sensitive,http://www.miardeest.org/,183.199.88.149,Costa Rica,No
Rechentrick,"BLUETOOTH,BLUETOOTH_ADMIN,BROADCAST_STICKY,CHANGE_NETWORK_STATE,CHANGE_WIFI_MULTICAST_STATE,CHANGE_WIFI_STATE",Not Sensitive,http://www.meliev.com/,52.179.101.23,Croatia,No
AP Addition Game,"ACCESS_LOCATION_EXTRA_COMMANDS,ACCESS_NETWORK_STATE,BLUETOOTH,BLUETOOTH_ADMIN",Not Sensitive,http://www.meisortaba.com/,140.55.192.211,Cuba,No
Numzzle,"DISABLE_KEYGUARD,EXPAND_STATUS_BAR,GET_PACKAGE_SIZE,INSTALL_SHORTCUT,INTERNET",Not Sensitive,http://www.megemn.org/,101.83.187.212,Cyprus,No
Swift Math Practice Flashcards,"KILL_BACKGROUND_PROCESSES,MANAGE_OWN_CALLS,MODIFY_AUDIO_SETTINGS",cellLocation,http://www.medmety.ca,32.162.86.94,Czech ,Yes
Look Away Now,"NFC,READ_SYNC_SETTINGS,READ_SYNC_STATS",Not Sensitive,http://www.matebmink.net/,44.33.7.72, Congo,No
GridGame,"RECEIVE_BOOT_COMPLETED,REORDER_TASKS,REQUEST_COMPANION_RUN_IN_BACKGROUND,REQUEST_COMPANION_USE_DATA_IN_BACKGROUND,REQUEST_DELETE_PACKAGES,REQUEST_IGNORE_BATTERY_OPTIMIZATIONS",Not Sensitive,http://www.marnti.com/,152.9.88.111,Denmark,No
ArmAware,"REQUEST_INSTALL_PACKAGES,SET_ALARM,SET_WALLPAPER",getAuthToken,http://www.mapeem.org/,188.16.254.33,Djibouti,Yes
Grade 5 !!!,"SET_WALLPAPER_HINTS,TRANSMIT_IR,USE_FINGERPRINT,VIBRATE",Not Sensitive,http://www.mahoke.com/,54.147.82.1,Dominica,No
Einrohrheizung,"WRITE_SYNC_SETTINGS,READ_CALENDAR,WRITE_CALENDAR,READ_CONTACTS",Not Sensitive,http://www.lyanel.com/,146.2.149.33,Dominican,No
Pandemic Pathfinder,"WRITE_CONTACTS,GET_ACCOUNTS,CAMERA,ACCESS_FINE_LOCATION",Not Sensitive,http://www.luntagm.ca,42.18.33.25,Ecuador,No
SHOP FREE PHONE,"ACCESS_COARSE_LOCATION,READ_PHONE_STATE,READ_PHONE_NUMBERS,CALL_PHONE",Not Sensitive,http://www.lucoatont.org/,35.188.104.27,Egypt,No
Urologidagarna2012,"ANSWER_PHONE_CALLS,READ_CALL_LOG,WRITE_CALL_LOG,ADD_VOICEMAIL,USE_SIP",Not Sensitive,http://www.lotieh.com/,62.82.142.22,El Salvador,No
Galaxy Image Puzzle,"ACCESS_LOCATION_EXTRA_COMMANDS,ACCESS_NETWORK_STATE,ACCESS_NOTIFICATION_POLICY,ACCESS_WIFI_STATE",peekAuthToken,http://www.lituatiza.net/,129.28.240.118,Equatorial Guinea,Yes
Lake Church,"BLUETOOTH,BLUETOOTH_ADMIN,BROADCAST_STICKY,CHANGE_NETWORK_STATE,CHANGE_WIFI_MULTICAST_STATE,CHANGE_WIFI_STATE",Not Sensitive,http://www.lictalt.ca,143.52.151.190,Eritrea,No
DFLights,"ACCESS_LOCATION_EXTRA_COMMANDS,ACCESS_NETWORK_STATE,BLUETOOTH,BLUETOOTH_ADMIN",Not Sensitive,http://www.licacy.com/,27.82.52.132,Estonia,No
QuickHousing Van B.C. - Free,"ACCESS_LOCATION_EXTRA_COMMANDS,ACCESS_NETWORK_STATE,ACCESS_NOTIFICATION_POLICY,ACCESS_WIFI_STATE",getSimSerialNumber,http://www.lelied.com/,251.108.103.106,Ethiopia,Yes
Apartments FREE,"BLUETOOTH,BLUETOOTH_ADMIN,BROADCAST_STICKY,CHANGE_NETWORK_STATE,CHANGE_WIFI_MULTICAST_STATE,CHANGE_WIFI_STATE",Not Sensitive,http://www.laroor.com/,8.188.125.171,Fiji,No
Burma (Myanmar) - Travel Guide,"DISABLE_KEYGUARD,EXPAND_STATUS_BAR,GET_PACKAGE_SIZE,INSTALL_SHORTCUT,INTERNET,KILL_BACKGROUND_PROCESSES,MANAGE_OWN_CALLS,MODIFY_AUDIO_SETTINGS,NFC,READ_SYNC_SETTINGS,READ_SYNC_STATS",getVoiceMailAlphaTag,http://www.lablastsay.com/,69.175.42.90,Finland,Yes
Puzzle Light,"RECEIVE_BOOT_COMPLETED,REORDER_TASKS,REQUEST_COMPANION_RUN_IN_BACKGROUND,REQUEST_COMPANION_USE_DATA_IN_BACKGROUND,REQUEST_DELETE_PACKAGES,REQUEST_IGNORE_BATTERY_OPTIMIZATIONS,REQUEST_INSTALL_PACKAGES,SET_ALARM,SET_WALLPAPER,SET_WALLPAPER_HINTS,TRANSMIT_IR,USE_FINGERPRINT,VIBRATE,WAKE_LOCK",getName,http://www.kustilouf.net/,45.17.18.242,France,Yes
Casllwchwr Primary School,"BLUETOOTH,BLUETOOTH_ADMIN,BROADCAST_STICKY,CHANGE_NETWORK_STATE,CHANGE_WIFI_MULTICAST_STATE,CHANGE_WIFI_STATE,DISABLE_KEYGUARD,EXPAND_STATUS_BAR,GET_PACKAGE_SIZE,INSTALL_SHORTCUT,INTERNET,KILL_BACKGROUND_PROCESSES,MANAGE_OWN_CALLS,MODIFY_AUDIO_SETTINGS,NFC,READ_SYNC_SETTINGS,READ_SYNC_STATS",Not Sensitive,http://www.kunony.com/,86.194.163.58,French Guiana,No
The Sun &amp; The Wind,"ACCESS_LOCATION_EXTRA_COMMANDS,ACCESS_NETWORK_STATE,ACCESS_NOTIFICATION_POLICY,ACCESS_WIFI_STATE",getProfileConnectionState,http://www.krussi.com/,246.50.48.185,Gabon,Yes
ICAS 2013 Convention,"BLUETOOTH,BLUETOOTH_ADMIN,BROADCAST_STICKY,CHANGE_NETWORK_STATE,CHANGE_WIFI_MULTICAST_STATE,CHANGE_WIFI_STATE",Not Sensitive,http://www.koseem.com/,255.134.116.156,Gambia,No
C.I.A SOLUTIONS,"DISABLE_KEYGUARD,EXPAND_STATUS_BAR,GET_PACKAGE_SIZE,INSTALL_SHORTCUT,INTERNET,KILL_BACKGROUND_PROCESSES,MANAGE_OWN_CALLS,MODIFY_AUDIO_SETTINGS,NFC,READ_SYNC_SETTINGS,READ_SYNC_STATS",getProfileProxy,http://www.klerub.com/,80.216.164.60,Georgia,Yes
Conference App,"RECEIVE_BOOT_COMPLETED,REORDER_TASKS,REQUEST_COMPANION_RUN_IN_BACKGROUND,REQUEST_COMPANION_USE_DATA_IN_BACKGROUND,REQUEST_DELETE_PACKAGES,REQUEST_IGNORE_BATTERY_OPTIMIZATIONS,REQUEST_INSTALL_PACKAGES,SET_ALARM,SET_WALLPAPER,SET_WALLPAPER_HINTS,TRANSMIT_IR,USE_FINGERPRINT,VIBRATE,WAKE_LOCK",sendMultipartTextMessage,http://www.klauturod.net/,14.193.75.251,Germany,Yes
Look Away Now (Free),"WRITE_SYNC_SETTINGS,READ_CALENDAR,WRITE_CALENDAR,READ_CONTACTS,WRITE_CONTACTS,GET_ACCOUNTS,CAMERA,ACCESS_FINE_LOCATION,ACCESS_COARSE_LOCATION,READ_PHONE_STATE,READ_PHONE_NUMBERS,CALL_PHONE,ANSWER_PHONE_CALLS,READ_CALL_LOG,WRITE_CALL_LOG,ADD_VOICEMAIL,USE_SIP",getParams,http://www.kioncauly.org/,186.230.8.192,Ghana,Yes
Dilute,"PROCESS_OUTGOIN,G_CALLS,ANSWER_PHONE_CALLS,BODY_SENSORS,SEND_SMS,RECEIVE_SMS,READ_SMS,RECEIVE_WAP_PUSH,RECEIVE_MMS",sendTextMessage,http://www.keintum.ca,56.229.243.97,Great Britain,Yes
Olympic NP - Guide &amp; Map,"ACCESS_LOCATION_EXTRA_COMMANDS,ACCESS_NETWORK_STATE,ACCESS_NOTIFICATION_POLICY,ACCESS_WIFI_STATE",getUngzippedContent,http://www.kawatiolyn.com/,68.24.65.103,Greece,Yes
Libera Tu Cel Ya!,"BLUETOOTH,BLUETOOTH_ADMIN,BROADCAST_STICKY,CHANGE_NETWORK_STATE,CHANGE_WIFI_MULTICAST_STATE,CHANGE_WIFI_STATE",getAllProviders,http://www.katresi.ca,66.181.108.230,Grenada,Yes
Check Je Rendement,"DISABLE_KEYGUARD,EXPAND_STATUS_BAR,GET_PACKAGE_SIZE,INSTALL_SHORTCUT,INTERNET,KILL_BACKGROUND_PROCESSES,MANAGE_OWN_CALLS,MODIFY_AUDIO_SETTINGS,NFC,READ_SYNC_SETTINGS,READ_SYNC_STATS",getCertificate,http://www.kashean.ca,244.248.10.183,Guadeloupe,Yes
AUTOIST DIARY PRO - CAR &amp; BIKE,"RECEIVE_BOOT_COMPLETED,REORDER_TASKS,REQUEST_COMPANION_RUN_IN_BACKGROUND,REQUEST_COMPANION_USE_DATA_IN_BACKGROUND,REQUEST_DELETE_PACKAGES,REQUEST_IGNORE_BATTERY_OPTIMIZATIONS,REQUEST_INSTALL_PACKAGES,SET_ALARM,SET_WALLPAPER,SET_WALLPAPER_HINTS,TRANSMIT_IR,USE_FINGERPRINT,VIBRATE,WAKE_LOCK",getBestProvider,http://www.kartnegot.org/,236.177.225.120,Guatemala,Yes
NEW2012YEAR,"WRITE_SYNC_SETTINGS,READ_CALENDAR,WRITE_CALENDAR,READ_CONTACTS,WRITE_CONTACTS,GET_ACCOUNTS,CAMERA,ACCESS_FINE_LOCATION,ACCESS_COARSE_LOCATION,READ_PHONE_STATE,READ_PHONE_NUMBERS,CALL_PHONE,ANSWER_PHONE_CALLS,READ_CALL_LOG,WRITE_CALL_LOG,ADD_VOICEMAIL,USE_SIP",Not Sensitive,http://www.kardsia.ca,100.140.135.208,Guinea,No
Ultimate Card Counting Trainer,"PROCESS_OUTGOIN,G_CALLS,ANSWER_PHONE_CALLS,BODY_SENSORS,SEND_SMS,RECEIVE_SMS,READ_SMS,RECEIVE_WAP_PUSH,RECEIVE_MMS",getGpsStatus,http://www.kalenoy.ca,58.138.156.206,Guinea-Bissau,Yes
Rocky Mountain NP Guide &amp; Map,"ACCESS_LOCATION_EXTRA_COMMANDS,ACCESS_NETWORK_STATE,ACCESS_NOTIFICATION_POLICY,ACCESS_WIFI_STATE",clearSearches,http://www.kafreadah.net/,197.165.19.16,Guyana,Yes
Quick Uninstaller,"BLUETOOTH,BLUETOOTH_ADMIN,BROADCAST_STICKY,CHANGE_NETWORK_STATE,CHANGE_WIFI_MULTICAST_STATE,CHANGE_WIFI_STATE",getLastKnownLocation,http://www.jureoates.net/,46.254.25.2,Haiti,Yes
OSTERN und FabergÇ,"DISABLE_KEYGUARD,EXPAND_STATUS_BAR,GET_PACKAGE_SIZE,INSTALL_SHORTCUT,INTERNET,KILL_BACKGROUND_PROCESSES,MANAGE_OWN_CALLS,MODIFY_AUDIO_SETTINGS,NFC,READ_SYNC_SETTINGS,READ_SYNC_STATS",getAllBookmarks,http://www.joscis.com/,39.9.112.217,Honduras,Yes
"Jakarta, Indonesia - Guide","RECEIVE_BOOT_COMPLETED,REORDER_TASKS,REQUEST_COMPANION_RUN_IN_BACKGROUND,REQUEST_COMPANION_USE_DATA_IN_BACKGROUND,REQUEST_DELETE_PACKAGES,REQUEST_IGNORE_BATTERY_OPTIMIZATIONS,REQUEST_INSTALL_PACKAGES,SET_ALARM,SET_WALLPAPER,SET_WALLPAPER_HINTS,TRANSMIT_IR,USE_FINGERPRINT,VIBRATE,WAKE_LOCK",clearPassword,http://www.jorcart.ca,210.119.34.64,Hungary,Yes
Trains Theme,"WRITE_SYNC_SETTINGS,READ_CALENDAR,WRITE_CALENDAR,READ_CONTACTS,WRITE_CONTACTS,GET_ACCOUNTS,CAMERA,ACCESS_FINE_LOCATION,ACCESS_COARSE_LOCATION,READ_PHONE_STATE,READ_PHONE_NUMBERS,CALL_PHONE,ANSWER_PHONE_CALLS,READ_CALL_LOG,WRITE_CALL_LOG,ADD_VOICEMAIL,USE_SIP",getAllVisitedUrls,http://www.jolask.com/,182.219.97.187,Afghanistan,Yes
Hip Hop Ringtones Download,"PROCESS_OUTGOIN,G_CALLS,ANSWER_PHONE_CALLS,BODY_SENSORS,SEND_SMS,RECEIVE_SMS,READ_SMS,RECEIVE_WAP_PUSH,RECEIVE_MMS",editProperties,http://www.jobead.org/,11.27.211.53,Albania,Yes
Roma: gu°a y mapa,"ACCESS_LOCATION_EXTRA_COMMANDS,ACCESS_NETWORK_STATE,ACCESS_NOTIFICATION_POLICY,ACCESS_WIFI_STATE",getProfileConnectionState,http://www.jindst.com/,81.63.219.39,Algeria,Yes
Olympic NP - FREE Guide &amp; Map,"BLUETOOTH,BLUETOOTH_ADMIN,BROADCAST_STICKY,CHANGE_NETWORK_STATE,CHANGE_WIFI_MULTICAST_STATE,CHANGE_WIFI_STATE",Not Sensitive,http://www.jillouk.ca,155.104.228.252,Andorra,No
Towers Brainiak,"ACCESS_LOCATION_EXTRA_COMMANDS,ACCESS_NETWORK_STATE,BLUETOOTH,BLUETOOTH_ADMIN",getPhoneType,http://www.jerchis.ca,103.143.72.137,Angola,Yes
U Stick Remote Controller(URC),"DISABLE_KEYGUARD,EXPAND_STATUS_BAR,GET_PACKAGE_SIZE,INSTALL_SHORTCUT,INTERNET",sendDataMessage,http://www.jelemy.com/,151.205.116.92,Anguilla,Yes
Fast 4 Words,"KILL_BACKGROUND_PROCESSES,MANAGE_OWN_CALLS,MODIFY_AUDIO_SETTINGS",Not Sensitive,http://www.jamisa.org/,94.187.121.178,Antigua & Barbuda,No
Samurai Sudoku (Multi Board),"NFC,READ_SYNC_SETTINGS,READ_SYNC_STATS",getCellLocation,http://www.jachnod.ca,222.231.106.31,Argentina,Yes
Ad Removal [thereisonlywe],"RECEIVE_BOOT_COMPLETED,REORDER_TASKS,REQUEST_COMPANION_RUN_IN_BACKGROUND,REQUEST_COMPANION_USE_DATA_IN_BACKGROUND,REQUEST_DELETE_PACKAGES,REQUEST_IGNORE_BATTERY_OPTIMIZATIONS",Not Sensitive,http://www.itunce.org/,250.186.9.97,Armenia,No
Calendar Me India 2014,"REQUEST_INSTALL_PACKAGES,SET_ALARM,SET_WALLPAPER",getAccounts,http://www.itualm.com/,11.196.131.233,Australia,Yes
Wonder Play Learn,"SET_WALLPAPER_HINTS,TRANSMIT_IR,USE_FINGERPRINT,VIBRATE",Not Sensitive,http://www.itheced.ca,167.170.176.13,Austria,No
Isometric Wars,"WRITE_SYNC_SETTINGS,READ_CALENDAR,WRITE_CALENDAR,READ_CONTACTS",getSubscriberId,http://www.iropeg.org/,2.133.62.82,Azerbaijan,Yes
TOGETHER,"WRITE_CONTACTS,GET_ACCOUNTS,CAMERA,ACCESS_FINE_LOCATION",getUserData,http://www.iredropic.net/,12.156.39.255,Bahamas,Yes
Burma (Myanmar) - FREE Guide,"ACCESS_COARSE_LOCATION,READ_PHONE_STATE,READ_PHONE_NUMBERS,CALL_PHONE",getGpsStatus,http://www.invalox.ca,133.50.120.169,Bahrain,Yes
Medical Image Puzzle,"ANSWER_PHONE_CALLS,READ_CALL_LOG,WRITE_CALL_LOG,ADD_VOICEMAIL,USE_SIP",getCertificate,http://www.intono.org/,12.176.37.134,Bangladesh,Yes
Minutes Text Notes + Sync,"ACCESS_LOCATION_EXTRA_COMMANDS,ACCESS_NETWORK_STATE,ACCESS_NOTIFICATION_POLICY,ACCESS_WIFI_STATE",getAllVisitedUrls,http://www.inteau.com/,24.241.26.5,Barbados,Yes
Puzzle Messenger,"BLUETOOTH,BLUETOOTH_ADMIN,BROADCAST_STICKY,CHANGE_NETWORK_STATE,CHANGE_WIFI_MULTICAST_STATE,CHANGE_WIFI_STATE",getName,http://www.iniaertori.com/,97.165.139.166,Belarus,Yes
Memory Afrika Safari,"ACCESS_LOCATION_EXTRA_COMMANDS,ACCESS_NETWORK_STATE,BLUETOOTH,BLUETOOTH_ADMIN",Not Sensitive,http://www.ineoda.com/,44.131.158.72,Belgium,No
Simple TetraVex,"DISABLE_KEYGUARD,EXPAND_STATUS_BAR,GET_PACKAGE_SIZE,INSTALL_SHORTCUT,INTERNET",Not Sensitive,http://www.imusal.org/,143.183.224.238,Belize,No
Mobile Housie - Free,"KILL_BACKGROUND_PROCESSES,MANAGE_OWN_CALLS,MODIFY_AUDIO_SETTINGS",sendTextMessage,http://www.impaqi.com/,68.149.162.201,Benin,Yes
OSTERN,"NFC,READ_SYNC_SETTINGS,READ_SYNC_STATS",Not Sensitive,http://www.imisatell.net/,27.134.86.14,Bermuda,No
Birdies,"RECEIVE_BOOT_COMPLETED,REORDER_TASKS,REQUEST_COMPANION_RUN_IN_BACKGROUND,REQUEST_COMPANION_USE_DATA_IN_BACKGROUND,REQUEST_DELETE_PACKAGES,REQUEST_IGNORE_BATTERY_OPTIMIZATIONS",Not Sensitive,http://www.iblandalm.net/,179.37.57.208,Bhutan,No
Luxury Home Deko-Ideen,"REQUEST_INSTALL_PACKAGES,SET_ALARM,SET_WALLPAPER",getAuthToken,http://www.hyatecout.net/,127.13.85.217,Bolivia,Yes
Zolaman Robot Gunz HD,"SET_WALLPAPER_HINTS,TRANSMIT_IR,USE_FINGERPRINT,VIBRATE",removeAccount,http://www.huchig.com/,112.144.23.65,Bosnia,Yes
Smart Card Holder,"WRITE_SYNC_SETTINGS,READ_CALENDAR,WRITE_CALENDAR,READ_CONTACTS",getVoiceMailNumber,http://www.hoshitioc.net/,188.57.151.134,Botswana,Yes
GridGame Free,"WRITE_CONTACTS,GET_ACCOUNTS,CAMERA,ACCESS_FINE_LOCATION",editProperties,http://www.hortupanc.org/,31.79.92.42,Brazil,Yes
G4A: Table Top Cribbage,"ACCESS_COARSE_LOCATION,READ_PHONE_STATE,READ_PHONE_NUMBERS,CALL_PHONE",Not Sensitive,http://www.honatiaeup.com/,66.41.17.215,Brunei Darussalam,No
PharmaGuide  Pakistan,"ANSWER_PHONE_CALLS,READ_CALL_LOG,WRITE_CALL_LOG,ADD_VOICEMAIL,USE_SIP",getAllBookmarks,http://www.hismaik.ca,228.223.161.148,Bulgaria,Yes
First Class Flight Attendant,"ACCESS_LOCATION_EXTRA_COMMANDS,ACCESS_NETWORK_STATE,ACCESS_NOTIFICATION_POLICY,ACCESS_WIFI_STATE",Not Sensitive,http://www.hiniend.ca,191.26.149.249,Burkina Faso,No
ChessPad,"BLUETOOTH,BLUETOOTH_ADMIN,BROADCAST_STICKY,CHANGE_NETWORK_STATE,CHANGE_WIFI_MULTICAST_STATE,CHANGE_WIFI_STATE",Not Sensitive,http://www.hesulis.ca,163.177.249.186,Myanmar/Burma,No
AndroSensor,"ACCESS_LOCATION_EXTRA_COMMANDS,ACCESS_NETWORK_STATE,BLUETOOTH,BLUETOOTH_ADMIN",Not Sensitive,http://www.herbary.ca,64.217.212.80,Burundi,No
TuneIn Radio,"DISABLE_KEYGUARD,EXPAND_STATUS_BAR,GET_PACKAGE_SIZE,INSTALL_SHORTCUT,INTERNET",getBestProvider,http://www.hemiem.com/,212.194.196.100,Cambodia,Yes
Video Collage,"KILL_BACKGROUND_PROCESSES,MANAGE_OWN_CALLS,MODIFY_AUDIO_SETTINGS",getAllProviders,http://www.heathnnic.org/,241.212.39.73,Cameroon,Yes
Kalam-e-Iqbal Collection,"NFC,READ_SYNC_SETTINGS,READ_SYNC_STATS",getLastKnownLocation,http://www.hazork.com/,51.181.248.194,Canada,Yes
Russian Dutch Dictionary,"RECEIVE_BOOT_COMPLETED,REORDER_TASKS,REQUEST_COMPANION_RUN_IN_BACKGROUND,REQUEST_COMPANION_USE_DATA_IN_BACKGROUND,REQUEST_DELETE_PACKAGES,REQUEST_IGNORE_BATTERY_OPTIMIZATIONS",Not Sensitive,http://www.hawaru.com/,5.77.24.128,Cape Verde,No
Mistakes at Networking Events,"REQUEST_INSTALL_PACKAGES,SET_ALARM,SET_WALLPAPER",Not Sensitive,http://www.haturf.org/,37.2.171.51,Cayman Islands,No
9mm,"SET_WALLPAPER_HINTS,TRANSMIT_IR,USE_FINGERPRINT,VIBRATE",Not Sensitive,http://www.hasepr.com/,127.199.72.152,Africa,No
Sudoku,"WRITE_SYNC_SETTINGS,READ_CALENDAR,WRITE_CALENDAR,READ_CONTACTS",getPassword,http://www.harylesso.net/,119.218.91.66,Chad,Yes
Nails Salon Marketing,"WRITE_CONTACTS,GET_ACCOUNTS,CAMERA,ACCESS_FINE_LOCATION",getCellLocation,http://www.harsoux.ca,30.151.220.9,Chile,Yes
Bumble Bees Soft Play,"ACCESS_COARSE_LOCATION,READ_PHONE_STATE,READ_PHONE_NUMBERS,CALL_PHONE",Not Sensitive,http://www.hareff.com/,188.243.2.215,China,No
TringShare,"ANSWER_PHONE_CALLS,READ_CALL_LOG,WRITE_CALL_LOG,ADD_VOICEMAIL,USE_SIP",getAccounts,http://www.habolyper.org/,120.66.48.127,Iceland,Yes
Math Machine,"ACCESS_LOCATION_EXTRA_COMMANDS,ACCESS_NETWORK_STATE,ACCESS_NOTIFICATION_POLICY,ACCESS_WIFI_STATE",Not Sensitive,http://www.gurnce.com/,133.133.208.210,India,No
MP3 Blade,"BLUETOOTH,BLUETOOTH_ADMIN,BROADCAST_STICKY,CHANGE_NETWORK_STATE,CHANGE_WIFI_MULTICAST_STATE,CHANGE_WIFI_STATE",getAuthToken,http://www.guraly.org/,168.240.227.10,Indonesia,Yes
Marble Blast Crusher,"ACCESS_LOCATION_EXTRA_COMMANDS,ACCESS_NETWORK_STATE,BLUETOOTH,BLUETOOTH_ADMIN",Not Sensitive,http://www.gungra.com/,221.12.237.17,Iran,No
SudokuGame,"DISABLE_KEYGUARD,EXPAND_STATUS_BAR,GET_PACKAGE_SIZE,INSTALL_SHORTCUT,INTERNET",Not Sensitive,http://www.guerlam.ca,15.70.202.169,Iraq,No
fÅnfzehn Gebete,"KILL_BACKGROUND_PROCESSES,MANAGE_OWN_CALLS,MODIFY_AUDIO_SETTINGS",getPhoneType,http://www.gubanatez.org/,225.156.135.110,Nigeria,Yes
TouhouCirnoAlarm,"NFC,READ_SYNC_SETTINGS,READ_SYNC_STATS",getUserData,http://www.groonai.ca,157.27.117.235,Italy,Yes
Akbar-Birbal Tales,"RECEIVE_BOOT_COMPLETED,REORDER_TASKS,REQUEST_COMPANION_RUN_IN_BACKGROUND,REQUEST_COMPANION_USE_DATA_IN_BACKGROUND,REQUEST_DELETE_PACKAGES,REQUEST_IGNORE_BATTERY_OPTIMIZATIONS",getSubscriberId,http://www.gremife.ca,134.89.160.192,Ivory Coast,Yes
Navaratri Navarang,"REQUEST_INSTALL_PACKAGES,SET_ALARM,SET_WALLPAPER",Not Sensitive,http://www.grellin.ca,123.130.169.7,Jamaica,No
Kinder Puzzlespiele,"SET_WALLPAPER_HINTS,TRANSMIT_IR,USE_FINGERPRINT,VIBRATE",Not Sensitive,http://www.govesl.org/,75.176.44.232,Japan,No
Og Mandino Scrolls,"WRITE_SYNC_SETTINGS,READ_CALENDAR,WRITE_CALENDAR,READ_CONTACTS",Not Sensitive,http://www.golowy.com/,202.68.206.221,Jordan,No
Cyberchase 3D Builder,"WRITE_CONTACTS,GET_ACCOUNTS,CAMERA,ACCESS_FINE_LOCATION",getSimSerialNumber,http://www.goalummin.net/,0.123.187.94,Kazakhstan,Yes
Pussy Puzzle,"ACCESS_COARSE_LOCATION,READ_PHONE_STATE,READ_PHONE_NUMBERS,CALL_PHONE",Not Sensitive,http://www.gnoreg.org/,21.45.224.163,Kenya,No
League of Devils,"ANSWER_PHONE_CALLS,READ_CALL_LOG,WRITE_CALL_LOG,ADD_VOICEMAIL,USE_SIP",getVoiceMailAlphaTag,http://www.gnetie.org/,93.187.111.9,Kosovo,Yes
Maze Race,"ACCESS_LOCATION_EXTRA_COMMANDS,ACCESS_NETWORK_STATE,ACCESS_NOTIFICATION_POLICY,ACCESS_WIFI_STATE",Not Sensitive,http://www.gnerps.org/,76.88.82.52,Kuwait,No
8 Colors Blocks,"BLUETOOTH,BLUETOOTH_ADMIN,BROADCAST_STICKY,CHANGE_NETWORK_STATE,CHANGE_WIFI_MULTICAST_STATE,CHANGE_WIFI_STATE",Not Sensitive,http://www.gluntatax.org/,221.239.254.161,Kyrgyz,No
Ankara Do?a Radyo Sizlerle,"ACCESS_LOCATION_EXTRA_COMMANDS,ACCESS_NETWORK_STATE,BLUETOOTH,BLUETOOTH_ADMIN",Not Sensitive,http://www.glolma.com/,89.251.140.200,Laos,No
Clock??? for iida Home,"DISABLE_KEYGUARD,EXPAND_STATUS_BAR,GET_PACKAGE_SIZE,INSTALL_SHORTCUT,INTERNET",Not Sensitive,http://www.gligei.com/,87.234.27.9,Latvia,No
Baby Cat Puzzle,"KILL_BACKGROUND_PROCESSES,MANAGE_OWN_CALLS,MODIFY_AUDIO_SETTINGS",Not Sensitive,http://www.glenome.ca,188.122.165.21,Lebanon,No
Twitter Trends Arabia,"NFC,READ_SYNC_SETTINGS,READ_SYNC_STATS",sendMultipartTextMessage,http://www.glatosieu.net/,45.210.221.37,Lesotho,Yes
IWAN FALS - SWAMI (1989),"RECEIVE_BOOT_COMPLETED,REORDER_TASKS,REQUEST_COMPANION_RUN_IN_BACKGROUND,REQUEST_COMPANION_USE_DATA_IN_BACKGROUND,REQUEST_DELETE_PACKAGES,REQUEST_IGNORE_BATTERY_OPTIMIZATIONS",Not Sensitive,http://www.glarrh.com/,130.164.24.219,Liberia,No
NXT Robotic Arm,"REQUEST_INSTALL_PACKAGES,SET_ALARM,SET_WALLPAPER",sendTextMessage,http://www.gistie.com/,8.171.78.36,Libya,Yes
KIDSO - Touch Sound - Free,"SET_WALLPAPER_HINTS,TRANSMIT_IR,USE_FINGERPRINT,VIBRATE",getUngzippedContent,http://www.giocle.com/,232.19.4.185,Liechtenstein,Yes
2014  beste  kostenlos  SUDOKU,"WRITE_SYNC_SETTINGS,READ_CALENDAR,WRITE_CALENDAR,READ_CONTACTS",getAllProviders,http://www.ginagg.org/,120.149.145.233,Lithuania,Yes
Feria del Libro,"WRITE_CONTACTS,GET_ACCOUNTS,CAMERA,ACCESS_FINE_LOCATION",getCertificate,http://www.gimigh.com/,213.65.63.248,Luxembourg,Yes
Komik Esnaf Yalanlar?,"ACCESS_COARSE_LOCATION,READ_PHONE_STATE,READ_PHONE_NUMBERS,CALL_PHONE",getBestProvider,http://www.giltus.com/,122.183.18.139,Macedonia,Yes
French Turkish Dictionary,"ANSWER_PHONE_CALLS,READ_CALL_LOG,WRITE_CALL_LOG,ADD_VOICEMAIL,USE_SIP",clearHistory,http://www.gialie.org/,203.142.118.123,Madagascar,Yes
Spanisch Deutsch Wîrterbuch,"ACCESS_LOCATION_EXTRA_COMMANDS,ACCESS_NETWORK_STATE,ACCESS_NOTIFICATION_POLICY,ACCESS_WIFI_STATE",Not Sensitive,http://www.ghelio.com/,21.194.38.94,Malawi,No
Oil &amp; Gas PetroleoAmerica.com,"BLUETOOTH,BLUETOOTH_ADMIN,BROADCAST_STICKY,CHANGE_NETWORK_STATE,CHANGE_WIFI_MULTICAST_STATE,CHANGE_WIFI_STATE",Not Sensitive,http://www.gasanim.ca,193.162.70.241,Malaysia,No
English Spanish Dictionary,"ACCESS_LOCATION_EXTRA_COMMANDS,ACCESS_NETWORK_STATE,BLUETOOTH,BLUETOOTH_ADMIN",getLastKnownLocation,http://www.fussarf.ca,242.149.240.142,Maldives,Yes
Manevi Äetele (Amel Defteri),"DISABLE_KEYGUARD,EXPAND_STATUS_BAR,GET_PACKAGE_SIZE,INSTALL_SHORTCUT,INTERNET",Not Sensitive,http://www.fushyl.com/,174.177.106.182,Mali,No
Black and Blue Theme Chooser,"KILL_BACKGROUND_PROCESSES,MANAGE_OWN_CALLS,MODIFY_AUDIO_SETTINGS",Not Sensitive,http://www.furaswink.net/,137.244.223.203,Malta,No
TOZAISEN PHOTO SEE THE LIGHT,"NFC,READ_SYNC_SETTINGS,READ_SYNC_STATS",getAllVisitedUrls,http://www.furagi.org/,28.120.111.3,Martinique,Yes
Purple Honeycomb Theme Chooser,"RECEIVE_BOOT_COMPLETED,REORDER_TASKS,REQUEST_COMPANION_RUN_IN_BACKGROUND,REQUEST_COMPANION_USE_DATA_IN_BACKGROUND,REQUEST_DELETE_PACKAGES,REQUEST_IGNORE_BATTERY_OPTIMIZATIONS",editProperties,http://www.fulsil.org/,159.251.224.45,Mauritania,Yes
Math Me Lite,"REQUEST_INSTALL_PACKAGES,SET_ALARM,SET_WALLPAPER",Not Sensitive,http://www.fucilip.ca,198.172.4.208,Mauritius,No
Animal Sounds For Babies No Ad,"SET_WALLPAPER_HINTS,TRANSMIT_IR,USE_FINGERPRINT,VIBRATE",Not Sensitive,http://www.froorf.org/,228.135.61.91,Mayotte,No
RS Aditya Modak - Demo,"WRITE_SYNC_SETTINGS,READ_CALENDAR,WRITE_CALENDAR,READ_CONTACTS",Not Sensitive,http://www.froirk.org/,119.174.136.192,Mexico,No
Lapland Interactive Game,"WRITE_CONTACTS,GET_ACCOUNTS,CAMERA,ACCESS_FINE_LOCATION",Not Sensitive,http://www.fraemorak.org/,214.185.204.224,Moldova,No
BallGoDown,"ACCESS_COARSE_LOCATION,READ_PHONE_STATE,READ_PHONE_NUMBERS,CALL_PHONE",sendMultipartTextMessage,http://www.forduspey.org/,148.187.183.68,Monaco,Yes
RS Rachana Bodas -Demo,"ANSWER_PHONE_CALLS,READ_CALL_LOG,WRITE_CALL_LOG,ADD_VOICEMAIL,USE_SIP",Not Sensitive,http://www.foolmanix.org/,187.22.153.28,Mongolia,No
Baby Toy Room Lite,"ACCESS_LOCATION_EXTRA_COMMANDS,ACCESS_NETWORK_STATE,ACCESS_NOTIFICATION_POLICY,ACCESS_WIFI_STATE",peekAuthToken,http://www.foohend.ca,8.27.109.238,Slovak,Yes
Yognidra,"BLUETOOTH,BLUETOOTH_ADMIN,BROADCAST_STICKY,CHANGE_NETWORK_STATE,CHANGE_WIFI_MULTICAST_STATE,CHANGE_WIFI_STATE",Not Sensitive,http://www.foilmen.ca,108.62.225.173,Slovenia,No
Full Screen Pic PRO,"ACCESS_LOCATION_EXTRA_COMMANDS,ACCESS_NETWORK_STATE,BLUETOOTH,BLUETOOTH_ADMIN",getParams,http://www.fobochork.org/,60.230.205.148,Solomon Islands,Yes
Tranquility,"DISABLE_KEYGUARD,EXPAND_STATUS_BAR,GET_PACKAGE_SIZE,INSTALL_SHORTCUT,INTERNET",Not Sensitive,http://www.fircix.com/,156.240.194.38,Somalia,No
Medical Assistants Books,"KILL_BACKGROUND_PROCESSES,MANAGE_OWN_CALLS,MODIFY_AUDIO_SETTINGS",getUserData,http://www.finineocy.org/,175.145.106.19,South Africa,Yes
Engelbrektsskolan,"NFC,READ_SYNC_SETTINGS,READ_SYNC_STATS",getGpsStatus,http://www.fibudidel.org/,121.183.143.101,Korea,Yes
Venezuela Radio,"RECEIVE_BOOT_COMPLETED,REORDER_TASKS,REQUEST_COMPANION_RUN_IN_BACKGROUND,REQUEST_COMPANION_USE_DATA_IN_BACKGROUND,REQUEST_DELETE_PACKAGES,REQUEST_IGNORE_BATTERY_OPTIMIZATIONS",Not Sensitive,http://www.feiman.org/,48.40.175.141,South Sudan,No
TouchMath T/C Patterns Pro,"REQUEST_INSTALL_PACKAGES,SET_ALARM,SET_WALLPAPER",Not Sensitive,http://www.feiere.org/,251.236.192.64,Spain,No
Painting Cats Puzzle,"SET_WALLPAPER_HINTS,TRANSMIT_IR,USE_FINGERPRINT,VIBRATE",Not Sensitive,http://www.fedorf.com/,112.154.189.75,Sri Lanka,No
Catheter Partners,"WRITE_SYNC_SETTINGS,READ_CALENDAR,WRITE_CALENDAR,READ_CONTACTS",getNetworkOperator,http://www.faulue.com/,214.27.203.48,Sudan,Yes
My103.9,"WRITE_CONTACTS,GET_ACCOUNTS,CAMERA,ACCESS_FINE_LOCATION",Not Sensitive,http://www.farbol.org/,193.247.197.48,Suriname,No
SNL Realty Group,"ACCESS_COARSE_LOCATION,READ_PHONE_STATE,READ_PHONE_NUMBERS,CALL_PHONE",sendTextMessage,http://www.eyeine.com/,161.97.58.50,Swaziland,Yes
Matem†ticas Interactivas 9,"ANSWER_PHONE_CALLS,READ_CALL_LOG,WRITE_CALL_LOG,ADD_VOICEMAIL,USE_SIP",Not Sensitive,http://www.extors.org/,129.153.51.18,Guyana,No
RSUDOKU,"ACCESS_LOCATION_EXTRA_COMMANDS,ACCESS_NETWORK_STATE,ACCESS_NOTIFICATION_POLICY,ACCESS_WIFI_STATE",getDeviceId,http://www.exicky.com/,167.26.51.249,Haiti,Yes
New Windows 9 Theme Official,"BLUETOOTH,BLUETOOTH_ADMIN,BROADCAST_STICKY,CHANGE_NETWORK_STATE,CHANGE_WIFI_MULTICAST_STATE,CHANGE_WIFI_STATE",Not Sensitive,http://www.eurarioni.org/,77.154.67.182,Honduras,No
YUBISASHI Franáais?Chine,"ACCESS_LOCATION_EXTRA_COMMANDS,ACCESS_NETWORK_STATE,BLUETOOTH,BLUETOOTH_ADMIN",removeAccount,http://www.eteith.org/,251.104.75.216,Hungary,Yes
The Refuge Mobile App,"ACCESS_LOCATION_EXTRA_COMMANDS,ACCESS_NETWORK_STATE,ACCESS_NOTIFICATION_POLICY,ACCESS_WIFI_STATE",getVoiceMailNumber,http://www.estyine.ca,252.236.141.59,Afghanistan,Yes
kids  multiplication,"BLUETOOTH,BLUETOOTH_ADMIN,BROADCAST_STICKY,CHANGE_NETWORK_STATE,CHANGE_WIFI_MULTICAST_STATE,CHANGE_WIFI_STATE",Not Sensitive,http://www.ergearm.ca,145.220.21.0,Albania,No
Kids Puzzler,"DISABLE_KEYGUARD,EXPAND_STATUS_BAR,GET_PACKAGE_SIZE,INSTALL_SHORTCUT,INTERNET,KILL_BACKGROUND_PROCESSES,MANAGE_OWN_CALLS,MODIFY_AUDIO_SETTINGS,NFC,READ_SYNC_SETTINGS,READ_SYNC_STATS",clearSearches,http://www.epeded.org/,148.150.141.241,Algeria,Yes
Master Sudoku,"RECEIVE_BOOT_COMPLETED,REORDER_TASKS,REQUEST_COMPANION_RUN_IN_BACKGROUND,REQUEST_COMPANION_USE_DATA_IN_BACKGROUND,REQUEST_DELETE_PACKAGES,REQUEST_IGNORE_BATTERY_OPTIMIZATIONS,REQUEST_INSTALL_PACKAGES,SET_ALARM,SET_WALLPAPER,SET_WALLPAPER_HINTS,TRANSMIT_IR,USE_FINGERPRINT,VIBRATE,WAKE_LOCK",getAllBookmarks,http://www.epathabow.org/,28.35.96.244,Andorra,Yes
Halloween Clock Widget,"BLUETOOTH,BLUETOOTH_ADMIN,BROADCAST_STICKY,CHANGE_NETWORK_STATE,CHANGE_WIFI_MULTICAST_STATE,CHANGE_WIFI_STATE,DISABLE_KEYGUARD,EXPAND_STATUS_BAR,GET_PACKAGE_SIZE,INSTALL_SHORTCUT,INTERNET,KILL_BACKGROUND_PROCESSES,MANAGE_OWN_CALLS,MODIFY_AUDIO_SETTINGS,NFC,READ_SYNC_SETTINGS,READ_SYNC_STATS",getProfileProxy,http://www.enluman.ca,179.238.91.107,Angola,Yes
Saarroop Dasbodh,"ACCESS_LOCATION_EXTRA_COMMANDS,ACCESS_NETWORK_STATE,ACCESS_NOTIFICATION_POLICY,ACCESS_WIFI_STATE",setPassword,http://www.enectumma.net/,229.175.76.207,Anguilla,Yes
Malgastador de 3g,"BLUETOOTH,BLUETOOTH_ADMIN,BROADCAST_STICKY,CHANGE_NETWORK_STATE,CHANGE_WIFI_MULTICAST_STATE,CHANGE_WIFI_STATE",Not Sensitive,http://www.ellall.org/,8.163.50.188,Antigua & Barbuda,No
yBa World Funniest Pictures,"DISABLE_KEYGUARD,EXPAND_STATUS_BAR,GET_PACKAGE_SIZE,INSTALL_SHORTCUT,INTERNET,KILL_BACKGROUND_PROCESSES,MANAGE_OWN_CALLS,MODIFY_AUDIO_SETTINGS,NFC,READ_SYNC_SETTINGS,READ_SYNC_STATS",Not Sensitive,http://www.elerze.com/,226.252.34.152,Argentina,No
KIDSO - Touch Sound,"RECEIVE_BOOT_COMPLETED,REORDER_TASKS,REQUEST_COMPANION_RUN_IN_BACKGROUND,REQUEST_COMPANION_USE_DATA_IN_BACKGROUND,REQUEST_DELETE_PACKAGES,REQUEST_IGNORE_BATTERY_OPTIMIZATIONS,REQUEST_INSTALL_PACKAGES,SET_ALARM,SET_WALLPAPER,SET_WALLPAPER_HINTS,TRANSMIT_IR,USE_FINGERPRINT,VIBRATE,WAKE_LOCK",getAllProviders,http://www.eistcal.ca,97.79.17.164,Armenia,Yes
Kickass Kicks Vol 1,"WRITE_SYNC_SETTINGS,READ_CALENDAR,WRITE_CALENDAR,READ_CONTACTS,WRITE_CONTACTS,GET_ACCOUNTS,CAMERA,ACCESS_FINE_LOCATION,ACCESS_COARSE_LOCATION,READ_PHONE_STATE,READ_PHONE_NUMBERS,CALL_PHONE,ANSWER_PHONE_CALLS,READ_CALL_LOG,WRITE_CALL_LOG,ADD_VOICEMAIL,USE_SIP",getLastKnownLocation,http://www.egoace.org/,102.24.39.67,Australia,Yes
Piyano Dinle Keman Dinle MÅzik,"PROCESS_OUTGOIN,G_CALLS,ANSWER_PHONE_CALLS,BODY_SENSORS,SEND_SMS,RECEIVE_SMS,READ_SMS,RECEIVE_WAP_PUSH,RECEIVE_MMS",cellLocation,http://www.ecutraz.ca,218.152.167.99,Austria,Yes
Australian Radio,"ACCESS_LOCATION_EXTRA_COMMANDS,ACCESS_NETWORK_STATE,ACCESS_NOTIFICATION_POLICY,ACCESS_WIFI_STATE",getSimSerialNumber,http://www.ecricariki.com/,194.157.221.182,Azerbaijan,Yes
Wa Bible,"BLUETOOTH,BLUETOOTH_ADMIN,BROADCAST_STICKY,CHANGE_NETWORK_STATE,CHANGE_WIFI_MULTICAST_STATE,CHANGE_WIFI_STATE",clearPassword,http://www.ecormy.com/,222.82.84.108,Bahamas,Yes
Racing Boats,"DISABLE_KEYGUARD,EXPAND_STATUS_BAR,GET_PACKAGE_SIZE,INSTALL_SHORTCUT,INTERNET,KILL_BACKGROUND_PROCESSES,MANAGE_OWN_CALLS,MODIFY_AUDIO_SETTINGS,NFC,READ_SYNC_SETTINGS,READ_SYNC_STATS",getPassword,http://www.eclotr.com/,75.124.146.210,Bahrain,Yes
Quran,"RECEIVE_BOOT_COMPLETED,REORDER_TASKS,REQUEST_COMPANION_RUN_IN_BACKGROUND,REQUEST_COMPANION_USE_DATA_IN_BACKGROUND,REQUEST_DELETE_PACKAGES,REQUEST_IGNORE_BATTERY_OPTIMIZATIONS,REQUEST_INSTALL_PACKAGES,SET_ALARM,SET_WALLPAPER,SET_WALLPAPER_HINTS,TRANSMIT_IR,USE_FINGERPRINT,VIBRATE,WAKE_LOCK",Not Sensitive,http://www.echigi.com/,203.92.12.114,Bangladesh,No
Dog Cat Puzzle,"WRITE_SYNC_SETTINGS,READ_CALENDAR,WRITE_CALENDAR,READ_CONTACTS,WRITE_CONTACTS,GET_ACCOUNTS,CAMERA,ACCESS_FINE_LOCATION,ACCESS_COARSE_LOCATION,READ_PHONE_STATE,READ_PHONE_NUMBERS,CALL_PHONE,ANSWER_PHONE_CALLS,READ_CALL_LOG,WRITE_CALL_LOG,ADD_VOICEMAIL,USE_SIP",getSimSerialNumber,http://www.eatoug.com/,37.18.237.72,Barbados,Yes
Marble Blast Crush 2,"PROCESS_OUTGOIN,G_CALLS,ANSWER_PHONE_CALLS,BODY_SENSORS,SEND_SMS,RECEIVE_SMS,READ_SMS,RECEIVE_WAP_PUSH,RECEIVE_MMS",Not Sensitive,http://www.eateia.com/,112.46.226.248,Belarus,No
Wir ? Musik MP3-Player,"ACCESS_LOCATION_EXTRA_COMMANDS,ACCESS_NETWORK_STATE,ACCESS_NOTIFICATION_POLICY,ACCESS_WIFI_STATE",clearHistory,http://www.dulfareas.net/,120.215.163.147,Belgium,Yes
MOJO 102.9,"BLUETOOTH,BLUETOOTH_ADMIN,BROADCAST_STICKY,CHANGE_NETWORK_STATE,CHANGE_WIFI_MULTICAST_STATE,CHANGE_WIFI_STATE",Not Sensitive,http://www.dudetry.ca,180.0.66.121,Belize,No
Full Screen Pic Picture Viewer,"DISABLE_KEYGUARD,EXPAND_STATUS_BAR,GET_PACKAGE_SIZE,INSTALL_SHORTCUT,INTERNET,KILL_BACKGROUND_PROCESSES,MANAGE_OWN_CALLS,MODIFY_AUDIO_SETTINGS,NFC,READ_SYNC_SETTINGS,READ_SYNC_STATS",Not Sensitive,http://www.dreyle.com/,116.5.133.153,Benin,No
OH58D Flashcard Study Guide,"RECEIVE_BOOT_COMPLETED,REORDER_TASKS,REQUEST_COMPANION_RUN_IN_BACKGROUND,REQUEST_COMPANION_USE_DATA_IN_BACKGROUND,REQUEST_DELETE_PACKAGES,REQUEST_IGNORE_BATTERY_OPTIMIZATIONS,REQUEST_INSTALL_PACKAGES,SET_ALARM,SET_WALLPAPER,SET_WALLPAPER_HINTS,TRANSMIT_IR,USE_FINGERPRINT,VIBRATE,WAKE_LOCK",getDeviceId,http://www.dresuft.ca,198.136.165.90,Bermuda,Yes
Pistol Simulator,"WRITE_SYNC_SETTINGS,READ_CALENDAR,WRITE_CALENDAR,READ_CONTACTS,WRITE_CONTACTS,GET_ACCOUNTS,CAMERA,ACCESS_FINE_LOCATION,ACCESS_COARSE_LOCATION,READ_PHONE_STATE,READ_PHONE_NUMBERS,CALL_PHONE,ANSWER_PHONE_CALLS,READ_CALL_LOG,WRITE_CALL_LOG,ADD_VOICEMAIL,USE_SIP",Not Sensitive,http://www.dralky.com/,178.70.241.168,Bhutan,No
"Biblija (SDF), Croatian","PROCESS_OUTGOIN,G_CALLS,ANSWER_PHONE_CALLS,BODY_SENSORS,SEND_SMS,RECEIVE_SMS,READ_SMS,RECEIVE_WAP_PUSH,RECEIVE_MMS",getLine1Number,http://www.dotaic.com/,185.94.61.143,Tajikistan,Yes
Gems Maze,"ACCESS_LOCATION_EXTRA_COMMANDS,ACCESS_NETWORK_STATE,ACCESS_NOTIFICATION_POLICY,ACCESS_WIFI_STATE",Not Sensitive,http://www.disstsura.net/,153.108.84.21,Tanzania,No
Daimokuhyo,"BLUETOOTH,BLUETOOTH_ADMIN,BROADCAST_STICKY,CHANGE_NETWORK_STATE,CHANGE_WIFI_MULTICAST_STATE,CHANGE_WIFI_STATE",getLastKnownLocation,http://www.dineldead.net/,21.80.25.202,Thailand,Yes
UH-60M 5&amp;9 Flashcard Guide,"ACCESS_LOCATION_EXTRA_COMMANDS,ACCESS_NETWORK_STATE,BLUETOOTH,BLUETOOTH_ADMIN",Not Sensitive,http://www.dharge.com/,219.131.27.27,Timor Leste,No
Spot! Finde Die Unterschiede,"DISABLE_KEYGUARD,EXPAND_STATUS_BAR,GET_PACKAGE_SIZE,INSTALL_SHORTCUT,INTERNET",getCellLocation,http://www.deraky.com/,6.21.79.85,Togo,Yes
My Reminders,"KILL_BACKGROUND_PROCESSES,MANAGE_OWN_CALLS,MODIFY_AUDIO_SETTINGS",Not Sensitive,http://www.depoor.org/,167.223.243.74,Trinidad & Tobago,No
AH-64D Apache 5 &amp; 9 Flashcards,"NFC,READ_SYNC_SETTINGS,READ_SYNC_STATS",Not Sensitive,http://www.deomasm.ca,226.122.104.77,Tunisia,No
Taschenlampe Kohle Gratis,"RECEIVE_BOOT_COMPLETED,REORDER_TASKS,REQUEST_COMPANION_RUN_IN_BACKGROUND,REQUEST_COMPANION_USE_DATA_IN_BACKGROUND,REQUEST_DELETE_PACKAGES,REQUEST_IGNORE_BATTERY_OPTIMIZATIONS",Not Sensitive,http://www.demolse.ca,204.201.196.1,Turkey,No
Aires Campingcar-infos,"REQUEST_INSTALL_PACKAGES,SET_ALARM,SET_WALLPAPER",Not Sensitive,http://www.czesock.ca,196.9.15.138,Turkmenistan,No
CH47F Chinook Flashcards Study,"SET_WALLPAPER_HINTS,TRANSMIT_IR,USE_FINGERPRINT,VIBRATE",Not Sensitive,http://www.creselgue.net/,170.109.221.136,Turks & Caicos Islands,No
CH-47D Chinook 5&amp;9 Study Guide,"WRITE_SYNC_SETTINGS,READ_CALENDAR,WRITE_CALENDAR,READ_CONTACTS",Not Sensitive,http://www.crepinz.ca,199.219.162.13,Uganda,No
Galgenmannchen (deutch),"WRITE_CONTACTS,GET_ACCOUNTS,CAMERA,ACCESS_FINE_LOCATION",Not Sensitive,http://www.craduz.com/,25.221.105.172,Ukraine,No
RÇgi H†zi†llatok - Okos Baba,"ACCESS_COARSE_LOCATION,READ_PHONE_STATE,READ_PHONE_NUMBERS,CALL_PHONE",setPassword,http://www.coreckifa.net/,151.72.196.142,United Arab Emirates,Yes
UH-60 A/L 5&amp;9 Flashcards,"ANSWER_PHONE_CALLS,READ_CALL_LOG,WRITE_CALL_LOG,ADD_VOICEMAIL,USE_SIP",Not Sensitive,http://www.coottez.ca,192.64.111.156,United States,No
TH-67 5 &amp; 9 Flashcard Study,"ACCESS_LOCATION_EXTRA_COMMANDS,ACCESS_NETWORK_STATE,ACCESS_NOTIFICATION_POLICY,ACCESS_WIFI_STATE",getAccounts,http://www.comoct.com/,85.188.224.108,Uruguay,Yes
"Biblija (?ari?), Croatian","BLUETOOTH,BLUETOOTH_ADMIN,BROADCAST_STICKY,CHANGE_NETWORK_STATE,CHANGE_WIFI_MULTICAST_STATE,CHANGE_WIFI_STATE",getProfileConnectionState,http://www.cogick.com/,213.6.213.144,Uzbekistan,Yes
Banda Aliados,"ACCESS_LOCATION_EXTRA_COMMANDS,ACCESS_NETWORK_STATE,BLUETOOTH,BLUETOOTH_ADMIN",getSubscriberId,http://www.coensk.com/,70.139.146.129,Venezuela,Yes
CRADIOGT,"DISABLE_KEYGUARD,EXPAND_STATUS_BAR,GET_PACKAGE_SIZE,INSTALL_SHORTCUT,INTERNET",Not Sensitive,http://www.cnilie.com/,10.134.176.225,Vietnam,No
Keerthanas (Annamayya),"KILL_BACKGROUND_PROCESSES,MANAGE_OWN_CALLS,MODIFY_AUDIO_SETTINGS",cellLocation,http://www.clumbalph.org/,55.122.198.213,Virgin Islands (UK),Yes
Mongolia,"NFC,READ_SYNC_SETTINGS,READ_SYNC_STATS",Not Sensitive,http://www.clumami.ca,209.11.149.182,Virgin Islands (US),No
Orange Mood Wallpaper,"RECEIVE_BOOT_COMPLETED,REORDER_TASKS,REQUEST_COMPANION_RUN_IN_BACKGROUND,REQUEST_COMPANION_USE_DATA_IN_BACKGROUND,REQUEST_DELETE_PACKAGES,REQUEST_IGNORE_BATTERY_OPTIMIZATIONS",Not Sensitive,http://www.cliole.org/,44.68.173.238,Yemen,No
Kid Connect the Dots ABC Lite,"REQUEST_INSTALL_PACKAGES,SET_ALARM,SET_WALLPAPER",Not Sensitive,http://www.cliolak.ca,192.112.110.49,Zambia,No
French Turkish Dictionary Free,"SET_WALLPAPER_HINTS,TRANSMIT_IR,USE_FINGERPRINT,VIBRATE",Not Sensitive,http://www.citolortre.com/,15.182.24.216,Zimbabwe,No
Card Battle Free,"WRITE_SYNC_SETTINGS,READ_CALENDAR,WRITE_CALENDAR,READ_CONTACTS",Not Sensitive,http://www.cepshertz.net/,120.214.172.188,United States,No
PHONE for Google Voice &amp; GTalk,"WRITE_CONTACTS,GET_ACCOUNTS,CAMERA,ACCESS_FINE_LOCATION",sendDataMessage,http://www.cenrin.org/,0.140.123.243,United States,Yes
MyPiacenza - Guida Offline,"ACCESS_COARSE_LOCATION,READ_PHONE_STATE,READ_PHONE_NUMBERS,CALL_PHONE",Not Sensitive,http://www.cenald.com/,139.87.3.108,United States,No
Franzîsisch SÑtze,"ANSWER_PHONE_CALLS,READ_CALL_LOG,WRITE_CALL_LOG,ADD_VOICEMAIL,USE_SIP",Not Sensitive,http://www.cenagmahs.net/,101.237.213.9,United States,No
Eureka! Quiz Game,"ACCESS_LOCATION_EXTRA_COMMANDS,ACCESS_NETWORK_STATE,ACCESS_NOTIFICATION_POLICY,ACCESS_WIFI_STATE",Not Sensitive,http://www.ceitalt.ca,155.199.230.100,United States,No
Yuya,"BLUETOOTH,BLUETOOTH_ADMIN,BROADCAST_STICKY,CHANGE_NETWORK_STATE,CHANGE_WIFI_MULTICAST_STATE,CHANGE_WIFI_STATE",getCellLocation,http://www.carebutsk.org/,67.168.179.147,United States,Yes
yCalc,"ACCESS_LOCATION_EXTRA_COMMANDS,ACCESS_NETWORK_STATE,BLUETOOTH,BLUETOOTH_ADMIN",cellLocation,http://www.cacept.com/,85.97.128.27,United States,Yes
Rang Rangili Shehnai - Demo,"DISABLE_KEYGUARD,EXPAND_STATUS_BAR,GET_PACKAGE_SIZE,INSTALL_SHORTCUT,INTERNET",Not Sensitive,http://www.bureleque.org/,72.87.65.194,United States,No
Zombie Storm:Bullet Apocalypse,"KILL_BACKGROUND_PROCESSES,MANAGE_OWN_CALLS,MODIFY_AUDIO_SETTINGS",getDeviceId,http://www.bunbetarm.net/,48.146.30.189,United States,Yes
Rudra Abhishek,"NFC,READ_SYNC_SETTINGS,READ_SYNC_STATS",getAuthToken,http://www.brusahead.net/,15.222.169.53,United States,Yes
Alpha Gun,"RECEIVE_BOOT_COMPLETED,REORDER_TASKS,REQUEST_COMPANION_RUN_IN_BACKGROUND,REQUEST_COMPANION_USE_DATA_IN_BACKGROUND,REQUEST_DELETE_PACKAGES,REQUEST_IGNORE_BATTERY_OPTIMIZATIONS",getNetworkOperator,http://www.brepur.com/,4.13.163.30,United States,Yes
öberraschung Krieg,"REQUEST_INSTALL_PACKAGES,SET_ALARM,SET_WALLPAPER",Not Sensitive,http://www.brarcot.ca,131.89.74.65,United States,No
Hide Private SMS,"SET_WALLPAPER_HINTS,TRANSMIT_IR,USE_FINGERPRINT,VIBRATE",Not Sensitive,http://www.borlew.org/,40.0.31.90,United States,No
Kontakte +,"WRITE_SYNC_SETTINGS,READ_CALENDAR,WRITE_CALENDAR,READ_CONTACTS",Not Sensitive,http://www.boeinesda.net/,46.94.206.245,Bahrain,No
AndroSensor SMS Remote,"WRITE_CONTACTS,GET_ACCOUNTS,CAMERA,ACCESS_FINE_LOCATION",Not Sensitive,http://www.blummodano.com/,167.39.251.179,Bangladesh,No
Telegram,"ACCESS_COARSE_LOCATION,READ_PHONE_STATE,READ_PHONE_NUMBERS,CALL_PHONE",peekAuthToken,http://www.bliardrom.net/,246.48.181.223,Barbados,Yes
Timely - Wecker,"ANSWER_PHONE_CALLS,READ_CALL_LOG,WRITE_CALL_LOG,ADD_VOICEMAIL,USE_SIP",Not Sensitive,http://www.blaremsin.net/,249.55.197.43,Belarus,No
Franzîsisch Zîpfe Tutorial,"ACCESS_LOCATION_EXTRA_COMMANDS,ACCESS_NETWORK_STATE,ACCESS_NOTIFICATION_POLICY,ACCESS_WIFI_STATE",removeAccount,http://www.bilavl.org/,79.90.169.84,Belgium,Yes
ANGRY BOTS 9MB PREMIUM,"BLUETOOTH,BLUETOOTH_ADMIN,BROADCAST_STICKY,CHANGE_NETWORK_STATE,CHANGE_WIFI_MULTICAST_STATE,CHANGE_WIFI_STATE",Not Sensitive,http://www.betiel.org/,130.246.54.57,Belize,No
TripAdvisor,"ACCESS_LOCATION_EXTRA_COMMANDS,ACCESS_NETWORK_STATE,BLUETOOTH,BLUETOOTH_ADMIN",setPassword,http://www.berhecash.net/,42.27.189.102,Benin,Yes
Spanisch Deutsch Wîrterbuch Fr,"DISABLE_KEYGUARD,EXPAND_STATUS_BAR,GET_PACKAGE_SIZE,INSTALL_SHORTCUT,INTERNET",getVoiceMailAlphaTag,http://www.benrenurn.org/,83.60.216.123,Bermuda,Yes
Russian Dutch Dictionary Free,"KILL_BACKGROUND_PROCESSES,MANAGE_OWN_CALLS,MODIFY_AUDIO_SETTINGS",getName,http://www.beesen.org/,251.180.102.28,Bhutan,Yes
Speech Board - Bryce,"NFC,READ_SYNC_SETTINGS,READ_SYNC_STATS",Not Sensitive,http://www.beelerces.org/,126.225.175.190,Tajikistan,No
Quang Cao Tiem Nails,"RECEIVE_BOOT_COMPLETED,REORDER_TASKS,REQUEST_COMPANION_RUN_IN_BACKGROUND,REQUEST_COMPANION_USE_DATA_IN_BACKGROUND,REQUEST_DELETE_PACKAGES,REQUEST_IGNORE_BATTERY_OPTIMIZATIONS",Not Sensitive,http://www.beamemp.ca,97.99.17.62,Tanzania,No
Best 35 Body Building Tips,"REQUEST_INSTALL_PACKAGES,SET_ALARM,SET_WALLPAPER",Not Sensitive,http://www.bapsarper.net/,17.228.19.162,Thailand,No
Speed u200bu200bRacing Cars,"SET_WALLPAPER_HINTS,TRANSMIT_IR,USE_FINGERPRINT,VIBRATE",Not Sensitive,http://www.ballnersa.org/,196.169.248.188,Timor Leste,No
Doublemill 2 - MÅhle,"WRITE_SYNC_SETTINGS,READ_CALENDAR,WRITE_CALENDAR,READ_CONTACTS",sendMultipartTextMessage,http://www.avatts.org/,248.245.47.93,Togo,Yes
Valladolid Bus Pucela Mini,"WRITE_CONTACTS,GET_ACCOUNTS,CAMERA,ACCESS_FINE_LOCATION",Not Sensitive,http://www.aurnal.com/,52.109.75.32,Trinidad & Tobago,No
ABC Plus (Deutsch),"ACCESS_COARSE_LOCATION,READ_PHONE_STATE,READ_PHONE_NUMBERS,CALL_PHONE",sendTextMessage,http://www.attewl.org/,152.38.137.220,Tunisia,Yes
Jinghpaw Bible,"ANSWER_PHONE_CALLS,READ_CALL_LOG,WRITE_CALL_LOG,ADD_VOICEMAIL,USE_SIP",getUngzippedContent,http://www.atotoo.org/,96.127.41.228,Turkey,Yes
NRA Gun Guide,"ACCESS_LOCATION_EXTRA_COMMANDS,ACCESS_NETWORK_STATE,ACCESS_NOTIFICATION_POLICY,ACCESS_WIFI_STATE",getAllProviders,http://www.atieriz.ca,42.242.27.90,Turkmenistan,Yes
Pistols,"BLUETOOTH,BLUETOOTH_ADMIN,BROADCAST_STICKY,CHANGE_NETWORK_STATE,CHANGE_WIFI_MULTICAST_STATE,CHANGE_WIFI_STATE",Not Sensitive,http://www.asisoloma.net/,39.172.241.65,Turks & Caicos Islands,No
Assault Weapon Gun Shots,"ACCESS_LOCATION_EXTRA_COMMANDS,ACCESS_NETWORK_STATE,BLUETOOTH,BLUETOOTH_ADMIN",getBestProvider,http://www.asickbers.org/,121.201.66.212,Uganda,Yes
Artillery Sounds,"DISABLE_KEYGUARD,EXPAND_STATUS_BAR,GET_PACKAGE_SIZE,INSTALL_SHORTCUT,INTERNET",Not Sensitive,http://www.arrepanyl.net/,225.210.62.3,Ukraine,No
PaperChibi,"KILL_BACKGROUND_PROCESSES,MANAGE_OWN_CALLS,MODIFY_AUDIO_SETTINGS",getGpsStatus,http://www.arinepreb.org/,191.216.38.44,Zimbabwe,Yes
Cool Music-Player,"NFC,READ_SYNC_SETTINGS,READ_SYNC_STATS",clearSearches,http://www.arceif.com/,204.84.187.13,Colombia,Yes
Stargazing Log,"RECEIVE_BOOT_COMPLETED,REORDER_TASKS,REQUEST_COMPANION_RUN_IN_BACKGROUND,REQUEST_COMPANION_USE_DATA_IN_BACKGROUND,REQUEST_DELETE_PACKAGES,REQUEST_IGNORE_BATTERY_OPTIMIZATIONS",getLastKnownLocation,http://www.arbidt.com/,197.245.169.118,Comoros,Yes
Shot Timer PRO,"REQUEST_INSTALL_PACKAGES,SET_ALARM,SET_WALLPAPER",Not Sensitive,http://www.aperesh.ca,132.217.132.91,Congo,No
Galaxy S4 Dirty Tricks,"SET_WALLPAPER_HINTS,TRANSMIT_IR,USE_FINGERPRINT,VIBRATE",Not Sensitive,http://www.antalsevoy.com/,242.163.205.152,Costa Rica,No
Good Guys with Guns,"WRITE_SYNC_SETTINGS,READ_CALENDAR,WRITE_CALENDAR,READ_CONTACTS",getAllVisitedUrls,http://www.anefess.ca,20.73.40.184,Croatia,Yes
Dino Kampf 3D,"WRITE_CONTACTS,GET_ACCOUNTS,CAMERA,ACCESS_FINE_LOCATION",editProperties,http://www.allauet.ca,77.114.8.243,Cuba,Yes
Traumhaus-Design,"ACCESS_COARSE_LOCATION,READ_PHONE_STATE,READ_PHONE_NUMBERS,CALL_PHONE",Not Sensitive,http://www.alanshoara.com/,60.179.160.221,Cyprus,No
NeedsMap,"ANSWER_PHONE_CALLS,READ_CALL_LOG,WRITE_CALL_LOG,ADD_VOICEMAIL,USE_SIP",Not Sensitive,http://www.alamalo.ca,127.153.151.57,Czech ,No
Biohazard Zeichen HD Wallpaper,"ACCESS_LOCATION_EXTRA_COMMANDS,ACCESS_NETWORK_STATE,ACCESS_NOTIFICATION_POLICY,ACCESS_WIFI_STATE",getPhoneType,http://www.agolig.org/,40.249.145.221, Congo,Yes
X Ray Scanner Joke,"BLUETOOTH,BLUETOOTH_ADMIN,BROADCAST_STICKY,CHANGE_NETWORK_STATE,CHANGE_WIFI_MULTICAST_STATE,CHANGE_WIFI_STATE",sendDataMessage,http://www.agirak.org/,185.234.44.103,Denmark,Yes
GunBox,"ACCESS_LOCATION_EXTRA_COMMANDS,ACCESS_NETWORK_STATE,BLUETOOTH,BLUETOOTH_ADMIN",Not Sensitive,http://www.agiouramo.org/,86.137.23.44,Djibouti,No
Healthy Food Wallpaper HD,"DISABLE_KEYGUARD,EXPAND_STATUS_BAR,GET_PACKAGE_SIZE,INSTALL_SHORTCUT,INTERNET",Not Sensitive,http://www.aesonu.com/,159.186.195.164,Dominica,No
Trinken Sie Wasser Gewicht ver,"KILL_BACKGROUND_PROCESSES,MANAGE_OWN_CALLS,MODIFY_AUDIO_SETTINGS",peekAuthToken,http://www.aesery.com/,41.78.97.128,Dominican ,Yes
Night City Racing Speedy Rausc,"NFC,READ_SYNC_SETTINGS,READ_SYNC_STATS",Not Sensitive,http://www.aegeld.com/,26.119.52.57,Ecuador,No
ShotSynth,"RECEIVE_BOOT_COMPLETED,REORDER_TASKS,REQUEST_COMPANION_RUN_IN_BACKGROUND,REQUEST_COMPANION_USE_DATA_IN_BACKGROUND,REQUEST_DELETE_PACKAGES,REQUEST_IGNORE_BATTERY_OPTIMIZATIONS",getParams,http://www.adoorig.ca,47.137.2.183,Egypt,Yes
Abloadtool (abload.de),"REQUEST_INSTALL_PACKAGES,SET_ALARM,SET_WALLPAPER",getSubscriberId,http://www.adollaceik.com/,149.195.56.45,El Salvador,Yes
Na Hora Certa,"SET_WALLPAPER_HINTS,TRANSMIT_IR,USE_FINGERPRINT,VIBRATE",getUserData,http://www.adlengy.ca,136.199.141.148,Equatorial Guinea,Yes
Gro·e Crafts Show HD Wallpaper,"WRITE_SYNC_SETTINGS,READ_CALENDAR,WRITE_CALENDAR,READ_CONTACTS",getGpsStatus,http://www.actryn.com/,37.204.228.45,Eritrea,Yes
Ohmaster,"WRITE_CONTACTS,GET_ACCOUNTS,CAMERA,ACCESS_FINE_LOCATION",Not Sensitive,http://www.ackuntics.org/,60.91.90.216,Estonia,No
Kerze Battery Widget,"ACCESS_COARSE_LOCATION,READ_PHONE_STATE,READ_PHONE_NUMBERS,CALL_PHONE",Not Sensitive,http://www.aberasido.org/,44.185.223.143,Ethiopia,No
